Timestamp,Sonar_Distance_1,Confidence_1,Sonar_Distance_2,Confidence_2,Sonar_Distance_3,Confidence_3
1730865946.470272,905.0,0.0,3812.0,0.0,899.0,0.1111123263835907
1730865946.6030917,905.0,0.0,3831.0,0.0,899.0,0.1111123263835907
1730865946.6943886,905.0,0.0,3831.0,0.0,899.0,0.1111123263835907
1730865946.7593668,893.0,0.7777770161628723,3831.0,0.0,899.0,0.1111123263835907
1730865946.929719,893.0,0.7777770161628723,3854.0,0.0,888.0,1.3333320617675781
1730865947.0211685,881.0,2.1111130714416504,804.0,10.666664123535156,888.0,1.3333320617675781
1730865947.1177683,881.0,2.1111130714416504,804.0,10.666664123535156,887.0,1.444441795349121
1730865947.2397637,881.0,2.1111130714416504,821.0,8.777779579162598,887.0,1.444441795349121
1730865947.331433,873.0,2.999997138977051,821.0,8.777779579162598,887.0,1.444441795349121
1730865947.3971334,873.0,98.22222900390625,821.0,0.0,884.0,99.14444732666016
1730865947.5710783,873.0,98.5777816772461,825.0,0.0,884.0,99.31111145019531
1730865947.7026186,864.0,98.03333282470703,825.0,0.14444059133529663,885.0,99.57777404785156
1730865947.8507357,864.0,98.4888916015625,843.0,35.344444274902344,885.0,99.73332977294922
1730865947.9375377,876.0,99.9888916015625,843.0,68.54444122314453,885.0,99.88888549804688
1730865948.0291789,876.0,99.80000305175781,843.0,98.0,885.0,99.9222183227539
1730865948.2084496,865.0,99.15555572509766,855.0,97.23332977294922,885.0,99.95555114746094
1730865948.3200388,865.0,99.33333587646484,855.0,97.79999542236328,885.0,99.97777557373047
1730865948.487838,854.0,98.4111099243164,867.0,96.97777557373047,885.0,100.0
1730865948.5775974,854.0,98.6222152709961,867.0,97.4888916015625,885.0,99.97777557373047
1730865948.6693006,862.0,99.63333129882812,867.0,98.0,885.0,99.9888916015625
1730865948.7789168,862.0,99.75555419921875,890.0,96.16666412353516,885.0,100.0
1730865948.872754,870.0,99.4222183227539,890.0,96.8888931274414,885.0,100.0
1730865948.946309,870.0,99.48888397216797,890.0,97.4111099243164,885.0,100.0
1730865949.1340065,870.0,99.4222183227539,902.0,96.73332977294922,901.0,98.39999389648438
1730865949.261683,870.0,99.35555267333984,902.0,97.38888549804688,901.0,98.57777404785156
1730865949.4047568,870.0,99.4111099243164,930.0,95.1111068725586,902.0,98.65555572509766
1730865949.4944823,858.0,99.33332824707031,930.0,95.94444274902344,902.0,98.84444427490234
1730865949.5910137,858.0,99.28888702392578,930.0,96.64443969726562,902.0,99.03333282470703
1730865949.7181687,868.0,99.75556182861328,937.0,96.64444732666016,902.0,99.22222137451172
1730865949.8088827,868.0,99.82222747802734,937.0,97.42222595214844,902.0,99.4111099243164
1730865949.8733606,868.0,99.8888931274414,937.0,97.94444274902344,887.0,98.9000015258789
1730865950.0411046,866.0,99.93333435058594,966.0,95.56666564941406,887.0,98.87777709960938
1730865950.1380556,866.0,99.97777557373047,966.0,96.4111099243164,888.0,98.95555877685547
1730865950.3264706,885.0,98.07777404785156,987.0,95.02222442626953,888.0,99.0999984741211
1730865950.4178452,885.0,98.24444580078125,987.0,95.96666717529297,888.0,99.24444580078125
1730865950.6860764,892.0,97.71110534667969,1004.0,94.9000015258789,887.0,99.30000305175781
1730865950.8139737,886.0,98.68888854980469,1004.0,95.72222900390625,887.0,99.46666717529297
1730865950.962062,886.0,99.0,1037.0,93.24444580078125,888.0,99.73332977294922
1730865951.0532222,925.0,95.29999542236328,1037.0,94.35556030273438,888.0,99.88888549804688
1730865951.1392787,925.0,95.93333435058594,1037.0,95.46666717529297,888.0,99.95555877685547
1730865951.2521024,925.0,96.56666564941406,1064.0,93.87777709960938,888.0,99.96666717529297
1730865951.3442042,927.0,97.02222442626953,1064.0,94.96665954589844,888.0,99.97777557373047
1730865951.414564,927.0,97.70000457763672,1064.0,96.05554962158203,888.0,99.97777557373047
1730865951.6038733,927.0,98.16666412353516,1104.0,92.9111099243164,888.0,99.97777557373047
1730865951.694386,910.0,99.66667175292969,1104.0,94.21111297607422,888.0,99.97777557373047
1730865951.8770983,910.0,99.46666717529297,1137.0,92.02222442626953,888.0,99.9888916015625
1730865951.967967,908.0,99.0,1137.0,93.5,888.0,100.0
1730865952.0594535,908.0,98.75555419921875,1137.0,94.61111450195312,888.0,100.0
1730865952.1876383,914.0,99.54444122314453,1151.0,94.32221984863281,888.0,100.0
1730865952.2792497,914.0,99.66666412353516,1151.0,95.58888244628906,888.0,100.0
1730865952.354687,901.0,98.4888916015625,1151.0,96.55554962158203,887.0,99.9000015258789
1730865952.5187879,901.0,98.77777862548828,1200.0,92.6222152709961,887.0,99.9111099243164
1730865952.6138902,908.0,99.76666259765625,1200.0,94.13333129882812,888.0,99.97777557373047
1730865952.7034302,908.0,99.97777557373047,1200.0,95.19999694824219,888.0,99.97777557373047
1730865952.8086581,908.0,100.0,1232.0,93.06666564941406,888.0,99.97777557373047
1730865952.9036274,914.0,99.37777709960938,1232.0,94.12222290039062,890.0,99.77777862548828
1730865952.978685,914.0,99.44444274902344,1232.0,95.17778015136719,890.0,99.80000305175781
1730865953.1623914,914.0,99.51111602783203,1280.0,91.43334197998047,890.0,99.82222747802734
1730865953.2900355,909.0,99.98888397216797,1280.0,92.86666870117188,890.0,99.84444427490234
1730865953.4386091,909.0,99.95555877685547,1296.0,92.69999694824219,890.0,99.86666870117188
1730865953.5245125,924.0,98.54444122314453,1296.0,94.31111145019531,890.0,99.9000015258789
1730865953.6161273,924.0,98.79999542236328,1296.0,95.37777709960938,890.0,99.93333435058594
1730865953.7483997,933.0,98.07777404785156,1328.0,93.24444580078125,890.0,99.95555877685547
1730865953.839448,933.0,98.35555267333984,1328.0,94.66667175292969,890.0,99.97777557373047
1730865953.910006,935.0,98.43333435058594,1328.0,95.73333740234375,890.0,100.0
1730865954.0731187,935.0,98.66666412353516,1368.0,92.79999542236328,890.0,100.0
1730865954.164055,935.0,98.9000015258789,1368.0,94.31110382080078,890.0,100.0
1730865954.2597618,937.0,98.93333435058594,1368.0,95.28888702392578,890.0,100.0
1730865954.3700404,937.0,99.24444580078125,1405.0,92.56666564941406,890.0,100.0
1730865954.4605796,939.0,99.35555267333984,6695.0,0.0,890.0,100.0
1730865954.536716,939.0,99.52222442626953,6695.0,0.0,890.0,100.0
1730865954.7205062,939.0,99.68888854980469,6681.0,0.0,890.0,100.0
1730865954.8108735,950.0,98.65555572509766,6681.0,0.0,890.0,100.0
1730865954.8543541,950.0,98.84444427490234,6681.0,0.0,890.0,100.0
1730865955.03158,950.0,99.0111083984375,6666.0,0.0,890.0,100.0
1730865955.173613,960.0,98.17778015136719,6666.0,0.0,890.0,100.0
1730865955.357991,971.0,97.35555267333984,6650.0,0.0,890.0,100.0
1730865955.449135,971.0,97.73332977294922,6650.0,44.11111068725586,890.0,100.0
1730865955.5391107,967.0,98.5111083984375,6650.0,97.6111068725586,890.0,100.0
1730865955.6760728,967.0,98.82221984863281,6634.0,96.5110855102539,868.0,97.79999542236328
1730865955.746803,967.0,99.13333129882812,6634.0,97.1888656616211,868.0,98.04444122314453
1730865955.8222456,975.0,98.64443969726562,6634.0,97.71109008789062,868.0,98.28888702392578
1730865956.0011451,975.0,98.9222183227539,6617.0,96.5333480834961,869.0,98.63333892822266
1730865956.1852765,995.0,97.19999694824219,6617.0,97.24446105957031,870.0,98.96666717529297
1730865956.3170242,995.0,97.69999694824219,6651.0,98.81110382080078,870.0,99.18888854980469
1730865956.407601,1002.0,97.3888931274414,6651.0,98.64443969726562,870.0,99.4111099243164
1730865956.4673126,1002.0,97.73333740234375,6651.0,98.65555572509766,890.0,98.36666870117188
1730865956.6417866,1002.0,98.0777816772461,6645.0,99.26667022705078,890.0,98.36666870117188
1730865956.738049,1016.0,97.06666564941406,6645.0,99.21111297607422,890.0,98.36666870117188
1730865956.828233,1016.0,97.6111068725586,6645.0,99.33333587646484,890.0,98.61111450195312
1730865956.9595087,1023.0,97.45555877685547,6640.0,99.95556640625,890.0,98.85555267333984
1730865957.109582,1023.0,97.9888916015625,6640.0,99.9777603149414,890.0,99.0999984741211
1730865957.2895236,1031.0,97.72222137451172,6540.0,89.72222137451172,890.0,99.33333587646484
1730865957.379914,1037.0,97.52223205566406,6540.0,90.57777404785156,890.0,99.55555725097656
1730865957.5999835,1037.0,97.9888916015625,6516.0,89.41109466552734,890.0,99.77777862548828
1730865957.6915917,1044.0,97.67777252197266,6516.0,90.91109466552734,890.0,100.0
1730865957.9243708,1044.0,98.14443969726562,6494.0,90.21111297607422,891.0,99.9000015258789
1730865958.014915,1051.0,97.9111099243164,6494.0,91.8888931274414,891.0,99.9111099243164
1730865958.1095753,1051.0,98.30000305175781,6494.0,93.5666732788086,888.0,99.77777862548828
1730865958.2375238,1057.0,98.08888244628906,6467.0,92.5444564819336,888.0,99.80000305175781
1730865958.3280575,1057.0,98.46665954589844,6467.0,94.4666748046875,888.0,99.82222747802734
1730865958.3933094,1057.0,98.84444427490234,6467.0,96.3888931274414,888.0,99.84444427490234
1730865958.5613122,1062.0,98.63333129882812,6429.0,93.39999389648438,888.0,99.86666870117188
1730865958.7446725,1062.0,98.9111099243164,6429.0,94.63333129882812,889.0,99.9888916015625
1730865958.871304,1063.0,99.08889770507812,6396.0,92.29999542236328,889.0,100.0
1730865958.9670885,1063.0,99.30000305175781,6396.0,93.63333129882812,889.0,99.9888916015625
1730865959.0381618,1068.0,99.01111602783203,6396.0,94.72222137451172,889.0,99.96666717529297
1730865959.2016797,1068.0,99.20000457763672,6359.0,92.11113739013672,902.0,98.64444732666016
1730865959.2941818,1072.0,98.98888397216797,6359.0,93.61113739013672,902.0,98.80000305175781
1730865959.3839805,1072.0,99.15555572509766,6359.0,94.8111343383789,902.0,98.95555877685547
1730865959.5166771,1072.0,99.32221984863281,6256.0,85.71111297607422,902.0,99.1111068725586
1730865959.6075897,1076.0,99.0888900756836,6256.0,88.05555725097656,902.0,99.26666259765625
1730865959.6769788,1076.0,99.24444580078125,6256.0,89.97777557373047,902.0,99.4222183227539
1730865959.8391466,1076.0,99.4000015258789,6221.0,88.40001678466797,901.0,99.66666412353516
1730865959.930125,1080.0,99.14443969726562,6221.0,90.34445190429688,901.0,99.79999542236328
1730865960.0265453,1080.0,99.33332824707031,6221.0,92.28889465332031,901.0,99.93333435058594
1730865960.1534622,1084.0,99.06666564941406,6173.0,89.43330383300781,901.0,99.93333435058594
1730865960.2439866,1084.0,99.24444580078125,6173.0,91.4999771118164,901.0,99.94444274902344
1730865960.4789617,1096.0,98.17778015136719,6134.0,89.66664123535156,884.0,98.25555419921875
1730865960.573112,1100.0,98.04444122314453,1633.0,0.0,884.0,98.45555114746094
1730865960.6638496,1100.0,98.35555267333984,1633.0,0.0,884.0,98.65555572509766
1730865960.84306,1100.0,98.62222290039062,1633.0,0.0,883.0,98.75555419921875
1730865960.9755743,1103.0,98.58888244628906,1633.0,0.0,883.0,98.96666717529297
1730865961.118681,1103.0,98.88888549804688,1633.0,0.0,899.0,99.23333740234375
1730865961.2088456,1102.0,99.24444580078125,1633.0,0.0,899.0,99.21111297607422
1730865961.4320748,1102.0,99.4888916015625,1633.0,0.0,899.0,99.18888854980469
1730865961.5225673,1105.0,99.38888549804688,1633.0,0.0,899.0,99.16667175292969
1730865961.581689,1105.0,99.62222290039062,1633.0,49.9888916015625,899.0,99.14444732666016
1730865961.7579656,1104.0,99.82222747802734,1636.0,99.69999694824219,898.0,99.4111099243164
1730865961.9370792,1104.0,99.86666870117188,1636.0,99.73332977294922,898.0,99.56666564941406
1730865962.0337183,1103.0,99.9888916015625,1636.0,99.76666259765625,898.0,99.72222137451172
1730865962.1345162,1103.0,99.95555877685547,1636.0,99.79999542236328,898.0,99.88888549804688
1730865962.209818,1105.0,99.84444427490234,1636.0,99.83333587646484,898.0,99.94444274902344
1730865962.391782,1105.0,99.86666870117188,1637.0,99.76667022705078,898.0,99.95555877685547
1730865962.5223892,1107.0,99.70000457763672,1637.0,99.81111907958984,899.0,99.93333435058594
1730865962.6634512,1107.0,99.75555419921875,1638.0,99.75555419921875,899.0,99.93333435058594
1730865962.7588937,1109.0,99.5777816772461,6026.0,0.0,914.0,98.43333435058594
1730865962.8487864,1109.0,99.62222290039062,6026.0,0.0,914.0,98.5999984741211
1730865963.0362248,1109.0,99.67778015136719,6000.0,0.0,897.0,99.52222442626953
1730865963.1422286,1111.0,99.53334045410156,6000.0,0.0,897.0,99.53333282470703
1730865963.3140552,1113.0,99.4222183227539,5971.0,0.0,897.0,99.54444885253906
1730865963.4036882,1113.0,99.5333251953125,5971.0,0.0,897.0,99.55555725097656
1730865963.4940624,1113.0,99.6222152709961,5971.0,0.0,897.0,99.56666564941406
1730865963.6736174,1115.0,99.5111083984375,5940.0,8.666667938232422,898.0,99.67778015136719
1730865963.802994,1116.0,99.49999237060547,5940.0,56.477779388427734,898.0,99.68888854980469
1730865963.9515653,1116.0,99.59999084472656,5909.0,92.62220764160156,914.0,98.70000457763672
1730865964.0431032,1115.0,99.77777862548828,5909.0,93.92221069335938,914.0,98.70000457763672
1730865964.1386561,1115.0,99.84444427490234,5909.0,95.22220611572266,932.0,96.9000015258789
1730865964.3173957,1115.0,99.9111099243164,5888.0,94.13333129882812,932.0,97.28888702392578
1730865964.42933,1118.0,99.65555572509766,5888.0,95.37777709960938,931.0,97.77777862548828
1730865964.5888777,1118.0,99.71111297607422,5848.0,92.30000305175781,931.0,98.15555572509766
1730865964.6856287,1118.0,99.76666259765625,5848.0,93.66667175292969,921.0,99.53333282470703
1730865964.905541,1118.0,99.82221984863281,5819.0,92.13330841064453,921.0,99.79999542236328
1730865964.996802,1119.0,99.75556182861328,5819.0,93.4777603149414,920.0,99.84444427490234
1730865965.0689242,1121.0,99.58888244628906,5819.0,94.82220458984375,920.0,99.60000610351562
1730865965.2328794,1121.0,99.64443969726562,5771.0,91.02222442626953,920.0,99.53333282470703
1730865965.324616,1121.0,99.71110534667969,5771.0,92.55555725097656,920.0,99.46666717529297
1730865965.4155014,1122.0,99.67778015136719,5771.0,94.0888900756836,920.0,99.5999984741211
1730865965.550503,1122.0,99.75556182861328,5728.0,91.08891296386719,919.0,99.63333892822266
1730865965.6408923,1112.0,99.19999694824219,5728.0,92.86669158935547,919.0,99.76667022705078
1730865965.8760378,1112.0,99.26666259765625,5684.0,89.80001068115234,919.0,99.9000015258789
1730865965.9664972,1113.0,99.43333435058594,5684.0,91.62223052978516,919.0,99.92222595214844
1730865966.0616503,1113.0,99.4888916015625,5684.0,93.12223052978516,918.0,99.84444427490234
1730865966.1879272,1114.0,99.65554809570312,5637.0,89.92223358154297,918.0,99.86666107177734
1730865966.2785141,1114.0,99.73332977294922,5637.0,91.94445037841797,918.0,99.88888549804688
1730865966.3420997,1114.0,99.81110382080078,5637.0,93.43333435058594,917.0,99.81111145019531
1730865966.5152085,1117.0,99.81111145019531,5592.0,90.4222183227539,917.0,99.84444427490234
1730865966.6114564,1117.0,99.75555419921875,5592.0,92.41110229492188,917.0,99.87777709960938
1730865966.7020369,1119.0,99.5,5592.0,93.9222183227539,917.0,99.9000015258789
1730865966.8297634,1119.0,99.5777816772461,5538.0,90.03334045410156,917.0,99.9222183227539
1730865966.9262564,1119.0,99.65555572509766,5538.0,91.65556335449219,919.0,99.85555267333984
1730865966.9906478,1125.0,99.12222290039062,5538.0,93.27778625488281,919.0,99.85555267333984
1730865967.1589289,1125.0,99.25555419921875,5491.0,90.20001220703125,918.0,99.96666717529297
1730865967.338626,1127.0,99.17778015136719,5491.0,91.82223510742188,918.0,99.96666717529297
1730865967.4661617,1127.0,99.32221984863281,5433.0,87.64444732666016,917.0,99.93333435058594
1730865967.562895,1134.0,98.76667022705078,5433.0,89.9111099243164,917.0,99.93333435058594
1730865967.628633,1134.0,98.95555877685547,5433.0,91.67778015136719,917.0,99.93333435058594
1730865967.7972393,1134.0,99.14444732666016,5394.0,89.54444122314453,916.0,99.83333587646484
1730865967.888617,1137.0,99.0111083984375,5394.0,91.74443817138672,916.0,99.84444427490234
1730865968.1092155,1137.0,99.21111297607422,5346.0,88.5444564819336,915.0,99.75555419921875
1730865968.200713,1139.0,99.21110534667969,5346.0,90.67778778076172,915.0,99.80000305175781
1730865968.2660995,1141.0,99.16666412353516,5346.0,92.81111907958984,915.0,99.84444427490234
1730865968.4353733,1141.0,99.34443664550781,5294.0,89.22222137451172,915.0,99.87777709960938
1730865968.5324972,1141.0,99.49999237060547,5294.0,91.4111099243164,915.0,99.9111099243164
1730865968.6244082,1145.0,99.25555419921875,5294.0,92.95555877685547,915.0,99.93333435058594
1730865968.7521582,1145.0,99.37777709960938,5240.0,89.09996032714844,915.0,99.95555877685547
1730865968.9057808,1149.0,99.0999984741211,5240.0,91.24441528320312,915.0,99.97777557373047
1730865969.0839987,1149.0,99.26666259765625,5179.0,86.85553741455078,914.0,99.88888549804688
1730865969.1748078,1153.0,99.0,5179.0,89.24443054199219,914.0,99.9111099243164
1730865969.26622,1153.0,99.17778015136719,5179.0,91.09999084472656,914.0,99.9222183227539
1730865969.3743541,1163.0,98.33333587646484,5147.0,89.75553894042969,900.0,98.53333282470703
1730865969.4651978,1163.0,98.5777816772461,5147.0,91.9666519165039,900.0,98.69999694824219
1730865969.7164333,1163.0,98.82222747802734,5111.0,90.00001525878906,887.0,97.5666732788086
1730865969.8124611,1166.0,98.76666259765625,5111.0,92.0333480834961,887.0,97.87777709960938
1730865970.0272613,1170.0,98.60000610351562,5075.0,90.46665954589844,887.0,98.18888854980469
1730865970.1180675,1170.0,98.8777847290039,5075.0,92.29998779296875,887.0,98.5
1730865970.1728022,1154.0,99.28889465332031,5075.0,94.1333236694336,887.0,98.81111145019531
1730865970.3509102,1154.0,99.23333740234375,5036.0,91.38887786865234,887.0,99.11111450195312
1730865970.5334573,1180.0,98.17778015136719,5036.0,92.97776794433594,887.0,99.4111099243164
1730865970.6654627,1180.0,98.477783203125,5001.0,91.0666732788086,887.0,99.71111297607422
1730865970.7361674,1184.0,98.26666259765625,5001.0,92.68889617919922,888.0,99.95555114746094
1730865970.811482,1184.0,98.5,5001.0,94.31111907958984,888.0,99.9111099243164
1730865970.9940045,1184.0,98.73332977294922,4967.0,92.13334655761719,888.0,99.92222595214844
1730865971.0846622,1189.0,98.43333435058594,4967.0,93.73334503173828,888.0,99.93333435058594
1730865971.2888467,1189.0,98.64443969726562,4933.0,91.53335571289062,887.0,99.95555877685547
1730865971.3693397,1193.0,98.45555877685547,4933.0,93.11112976074219,887.0,99.95555877685547
1730865971.4509995,1193.0,98.8888931274414,4933.0,94.68890380859375,887.0,99.95555877685547
1730865971.636151,1197.0,98.9222183227539,4900.0,92.5333480834961,888.0,99.94444274902344
1730865971.7269406,1197.0,99.1111068725586,4900.0,94.04444885253906,888.0,99.95555877685547
1730865971.9206593,1202.0,98.79999542236328,4862.0,91.36666107177734,888.0,99.96666717529297
1730865972.006984,1205.0,98.69999694824219,4862.0,92.91110229492188,888.0,99.96666717529297
1730865972.0973644,1205.0,98.9333267211914,4862.0,94.45555114746094,888.0,99.96666717529297
1730865972.2753866,1205.0,99.16666412353516,4825.0,91.92219543457031,888.0,99.96666717529297
1730865972.3670342,1216.0,98.24445343017578,4825.0,93.4999771118164,888.0,99.96666717529297
1730865972.5504487,1216.0,98.54444885253906,4789.0,91.10000610351562,888.0,99.97777557373047
1730865972.5906637,1218.0,98.5999984741211,4789.0,92.70000457763672,888.0,99.9888916015625
1730865972.645442,1218.0,98.87777709960938,4789.0,94.30000305175781,903.0,98.5
1730865972.9172423,1218.0,99.1111068725586,4757.0,92.33333587646484,903.0,98.66667175292969
1730865973.043827,1226.0,98.54444885253906,4757.0,93.92222595214844,903.0,98.83333587646484
1730865973.1897225,1226.0,98.81111907958984,4722.0,91.58890533447266,902.0,99.0999984741211
1730865973.278997,1228.0,98.84444427490234,4722.0,93.14446258544922,902.0,99.25555419921875
1730865973.55554,1228.0,99.0999984741211,4702.0,92.70001220703125,902.0,99.4111099243164
1730865973.6820776,1232.0,98.95555877685547,4702.0,94.06668090820312,902.0,99.56666564941406
1730865973.824086,1232.0,99.13333892822266,4664.0,91.63333129882812,904.0,99.52222442626953
1730865973.913981,1235.0,99.0111083984375,4664.0,93.022216796875,904.0,99.70000457763672
1730865974.0087633,1235.0,99.19999694824219,4664.0,94.4111099243164,903.0,99.97777557373047
1730865974.1914506,1238.0,99.08888244628906,4628.0,92.1999740600586,903.0,99.97777557373047
1730865974.3022232,1238.0,99.31111145019531,4628.0,93.63330841064453,903.0,99.97777557373047
1730865974.465488,1241.0,99.14443969726562,4592.0,91.46666717529297,903.0,99.97777557373047
1730865974.5614994,1241.0,99.31111145019531,4592.0,92.9111099243164,903.0,99.9888916015625
1730865974.6537786,1240.0,99.55555725097656,4592.0,94.35556030273438,903.0,100.0
1730865974.780604,1240.0,99.68888854980469,4531.0,89.47779083251953,903.0,99.9888916015625
1730865974.8765097,1228.0,99.02222442626953,4531.0,91.37779235839844,902.0,99.87777709960938
1730865975.1077554,1228.0,99.06666564941406,4500.0,89.75555419921875,902.0,99.9000015258789
1730865975.197966,1245.0,99.15555572509766,4500.0,91.5777816772461,902.0,99.92222595214844
1730865975.2883143,1245.0,99.26667022705078,4500.0,93.4000015258789,902.0,99.93333435058594
1730865975.4199188,1245.0,99.34444427490234,4465.0,91.32223510742188,902.0,99.94444274902344
1730865975.5110552,1262.0,97.72222900390625,4465.0,93.13334655761719,902.0,99.95555877685547
1730865975.576244,1262.0,97.95555877685547,4465.0,94.5444564819336,902.0,99.96666717529297
1730865975.7441628,1265.0,97.8888931274414,4423.0,91.75553131103516,901.0,99.87777709960938
1730865975.8351774,1265.0,98.16667175292969,4423.0,93.63331604003906,901.0,99.9000015258789
1730865975.9316554,1265.0,98.44444274902344,4423.0,94.83331298828125,901.0,99.92222595214844
1730865976.0585752,1273.0,98.05555725097656,4382.0,91.9333267211914,901.0,99.93333435058594
1730865976.1447096,1273.0,98.55555725097656,4382.0,93.24443817138672,901.0,99.94444274902344
1730865976.2100286,1275.0,98.66667175292969,4382.0,94.55554962158203,887.0,98.55555725097656
1730865976.3788247,1275.0,99.0,4347.0,92.3666763305664,887.0,98.72222137451172
1730865976.5622263,1280.0,98.83333587646484,4347.0,93.67778778076172,888.0,98.9888916015625
1730865976.6896474,1280.0,99.03333282470703,4311.0,91.38887786865234,888.0,99.14444732666016
1730865976.7807195,1290.0,98.23333740234375,4311.0,93.09999084472656,888.0,99.29999542236328
1730865976.8508382,1290.0,98.51111602783203,4311.0,94.34443664550781,888.0,99.44444274902344
1730865977.0139406,1290.0,98.78888702392578,4275.0,91.98889923095703,888.0,99.5888900756836
1730865977.1052673,1291.0,98.96666717529297,4275.0,93.63334655761719,888.0,99.73332977294922
1730865977.3209527,1291.0,99.16666412353516,4239.0,91.22220611572266,888.0,99.87777709960938
1730865977.412282,1292.0,99.26666259765625,4239.0,92.81109619140625,888.0,99.97777557373047
1730865977.4833887,1292.0,99.45555114746094,4239.0,94.39998626708984,888.0,99.9888916015625
1730865977.650094,1318.0,97.04444885253906,4203.0,92.00001525878906,888.0,100.0
1730865977.7389493,1318.0,97.46666717529297,4203.0,93.60001373291016,888.0,100.0
1730865977.9649613,1296.0,99.9111099243164,4168.0,91.3000259399414,889.0,99.9000015258789
1730865978.035703,1296.0,99.84444427490234,4168.0,92.88890838623047,889.0,99.9111099243164
1730865978.1115642,1372.0,92.62222290039062,4168.0,94.47779846191406,876.0,98.77777862548828
1730865978.2910674,1372.0,93.53333282470703,4133.0,92.1666488647461,876.0,98.9111099243164
1730865978.387081,1299.0,98.26667022705078,4133.0,93.74443054199219,877.0,99.14443969726562
1730865978.426354,1299.0,98.17778015136719,4133.0,94.92221069335938,877.0,99.26666259765625
1730865978.5843163,1299.0,98.10000610351562,4098.0,92.5999984741211,877.0,99.38888549804688
1730865978.6696053,1300.0,98.1222152709961,4098.0,94.16666412353516,877.0,99.5111083984375
1730865978.7509346,1300.0,98.32221984863281,4098.0,95.33333587646484,877.0,99.63333129882812
1730865978.9345264,1300.0,98.522216796875,4036.0,90.29997253417969,877.0,99.75555419921875
1730865979.0281851,1301.0,98.5777816772461,4036.0,91.76663970947266,877.0,99.88888549804688
1730865979.216943,1301.0,98.52222442626953,4030.0,92.63336181640625,878.0,99.87777709960938
1730865979.3903325,1303.0,99.5111083984375,4030.0,94.16669464111328,878.0,99.89999389648438
1730865979.574147,1305.0,99.52222442626953,3967.0,89.01111602783203,878.0,99.9222183227539
1730865979.701889,1308.0,99.28888702392578,3967.0,90.85555267333984,878.0,99.9333267211914
1730865979.8487363,1308.0,99.3888931274414,3924.0,88.4000015258789,878.0,99.94444274902344
1730865979.9415233,1311.0,99.18888854980469,3924.0,90.33333587646484,878.0,99.95555114746094
1730865980.1624305,1311.0,99.31111145019531,3887.0,88.5666732788086,870.0,99.23332977294922
1730865980.2534285,1308.0,99.73333740234375,3887.0,90.91111755371094,870.0,99.31111145019531
1730865980.3277946,1308.0,99.82221984863281,3887.0,92.5666732788086,871.0,99.48888397216797
1730865980.4864094,1308.0,99.9000015258789,3879.0,93.42221069335938,871.0,99.55554962158203
1730865980.5824313,1299.0,99.12223052978516,3879.0,95.09999084472656,871.0,99.63333129882812
1730865980.6728852,1299.0,99.16667175292969,3879.0,96.77777099609375,871.0,99.71111297607422
1730865980.804892,1301.0,99.43333435058594,3846.0,94.45555114746094,871.0,99.78888702392578
1730865980.8805487,1301.0,99.5111083984375,3846.0,95.79999542236328,871.0,99.86666870117188
1730865980.9556124,1301.0,99.5888900756836,3846.0,96.66666412353516,871.0,99.94444274902344
1730865981.1345203,1298.0,99.4000015258789,3832.0,96.13333892822266,872.0,99.87777709960938
1730865981.225265,1298.0,99.54444122314453,3832.0,96.74444580078125,872.0,99.9000015258789
1730865981.3159049,1294.0,99.25556182861328,3832.0,97.35556030273438,872.0,99.92222595214844
1730865981.41822,1294.0,99.41111755371094,3793.0,94.06666564941406,872.0,99.93333435058594
1730865981.5195556,1294.0,99.56666564941406,3793.0,95.02222442626953,872.0,99.94444274902344
1730865981.591491,1329.0,96.87777709960938,3793.0,95.97777557373047,872.0,99.95555877685547
1730865981.7734294,1329.0,97.21111297607422,3775.0,95.13334655761719,882.0,98.96665954589844
1730865981.864345,1292.0,98.77778625488281,3775.0,95.92223358154297,882.0,99.08888244628906
1730865982.0573006,1292.0,98.8777847290039,3737.0,92.9111099243164,882.0,99.21110534667969
1730865982.2300832,1289.0,98.67778015136719,3737.0,94.1222152709961,882.0,99.33332824707031
1730865982.4082477,1291.0,98.97777557373047,3703.0,91.77778625488281,882.0,99.44444274902344
1730865982.5406108,1291.0,99.05555725097656,3703.0,93.21111297607422,883.0,99.45555114746094
1730865982.6827297,1294.0,99.3888931274414,3664.0,90.74444580078125,883.0,99.57777404785156
1730865982.7782497,1294.0,99.3888931274414,3664.0,92.17778015136719,883.0,99.69999694824219
1730865983.0488336,1296.0,99.5888900756836,3628.0,90.0111083984375,898.0,98.32222747802734
1730865983.1548548,1298.0,99.84445190429688,3628.0,91.84444427490234,898.0,98.61111450195312
1730865983.3211727,1298.0,99.50000762939453,3592.0,89.87777709960938,886.0,99.9888916015625
1730865983.411623,1303.0,99.0666732788086,3592.0,91.9111099243164,886.0,99.96665954589844
1730865983.6360948,1303.0,99.18888854980469,3558.0,90.12223052978516,886.0,99.9222183227539
1730865983.7258806,1305.0,99.14444732666016,3558.0,92.11111450195312,886.0,99.87777709960938
1730865983.7954352,1305.0,99.30000305175781,3558.0,93.72222900390625,886.0,99.83332824707031
1730865983.9581544,1305.0,99.45555877685547,3521.0,91.6333236694336,886.0,99.79999542236328
1730865984.0478358,1308.0,99.27777862548828,3521.0,93.22221374511719,886.0,99.76666259765625
1730865984.1440303,1308.0,99.43333435058594,3521.0,94.81110382080078,886.0,99.73332977294922
1730865984.2740839,1314.0,98.96665954589844,3486.0,92.50000762939453,886.0,99.86666870117188
1730865984.4211628,1314.0,99.14443969726562,3486.0,94.0777816772461,886.0,100.0
1730865984.6011245,1317.0,99.022216796875,3449.0,91.5555419921875,886.0,100.0
1730865984.6960309,1317.0,99.17777252197266,3449.0,93.1444320678711,877.0,99.0999984741211
1730865984.89445,1321.0,98.93333435058594,3412.0,90.65555572509766,877.0,99.19999694824219
1730865985.0579255,1324.0,98.81111145019531,3412.0,92.27777862548828,877.0,99.30000305175781
1730865985.246834,1324.0,99.02222442626953,3374.0,90.10001373291016,877.0,99.4000015258789
1730865985.3688524,1329.0,98.73333740234375,3374.0,91.73334503173828,877.0,99.5
1730865985.5170977,1329.0,98.96666717529297,3339.0,89.86666870117188,881.0,100.0
1730865985.6078234,1334.0,98.70000457763672,3339.0,91.88888549804688,881.0,99.94444274902344
1730865985.8314095,1334.0,98.92222595214844,3289.0,88.52222442626953,882.0,99.78888702392578
1730865985.9192746,1339.0,98.64444732666016,3289.0,90.71112060546875,882.0,99.74443817138672
1730865986.0103583,1339.0,98.8888931274414,3289.0,92.4888916015625,882.0,99.69999694824219
1730865986.153835,1344.0,98.63333129882812,3253.0,90.66666412353516,882.0,99.75555419921875
1730865986.2444482,1344.0,98.8888931274414,3253.0,92.43333435058594,882.0,99.81111145019531
1730865986.4650657,1353.0,98.21110534667969,3210.0,89.9000015258789,880.0,99.93333435058594
1730865986.552525,1353.0,98.5333251953125,3210.0,91.72222137451172,880.0,99.9000015258789
1730865986.6269982,1376.0,96.49999237060547,3210.0,93.54444885253906,880.0,99.86666870117188
1730865986.78498,1376.0,97.022216796875,3174.0,91.37777709960938,880.0,99.87777709960938
1730865986.8817837,1382.0,96.8888931274414,3174.0,93.21111297607422,881.0,99.98888397216797
1730865986.9732769,1382.0,97.42222595214844,3174.0,94.4888916015625,881.0,100.0
1730865987.1012938,1382.0,97.9000015258789,3108.0,89.16666412353516,881.0,99.9888916015625
1730865987.1769464,1389.0,97.67777252197266,3108.0,91.17778015136719,881.0,99.977783203125
1730865987.2531376,1389.0,98.17777252197266,3108.0,92.78888702392578,881.0,99.96666717529297
1730865987.4332619,1389.0,98.67777252197266,3074.0,90.99998474121094,881.0,99.95555877685547
1730865987.5248017,1399.0,98.07777404785156,3074.0,92.51110076904297,881.0,99.96666717529297
1730865987.7178388,1399.0,98.5888900756836,3041.0,90.72221374511719,881.0,99.97777557373047
1730865987.8017998,1408.0,97.94445037841797,3041.0,92.59999084472656,881.0,99.9888916015625
1730865987.8917089,1408.0,98.30000305175781,3041.0,94.07776641845703,881.0,100.0
1730865988.073775,1413.0,98.0888900756836,3019.0,93.3555679321289,881.0,100.0
1730865988.199168,1413.0,98.43333435058594,3019.0,95.07778930664062,881.0,100.0
1730865988.346865,1417.0,98.37777709960938,2985.0,92.66666412353516,881.0,100.0
1730865988.4330232,1417.0,98.68888854980469,2985.0,94.0333251953125,881.0,100.0
1730865988.528508,1421.0,98.5999984741211,2985.0,95.39999389648438,870.0,98.9000015258789
1730865988.6615698,1421.0,98.95555877685547,2947.0,92.58889770507812,870.0,99.02222442626953
1730865988.7529826,1407.0,99.39999389648438,2947.0,94.00000762939453,870.0,99.14444732666016
1730865988.823324,1407.0,99.31110382080078,2947.0,95.04444885253906,878.0,99.9333267211914
1730865988.9873748,1407.0,99.32221984863281,2911.0,92.4888916015625,878.0,99.89999389648438
1730865989.172273,1412.0,99.83332824707031,2911.0,93.93333435058594,878.0,99.86666107177734
1730865989.300031,1418.0,99.55555725097656,2875.0,91.53333282470703,878.0,99.83332824707031
1730865989.3914824,1418.0,99.61111450195312,2875.0,93.13333892822266,879.0,99.69999694824219
1730865989.4418223,1418.0,99.62222290039062,2875.0,94.35556030273438,879.0,99.67778015136719
1730865989.6268766,1422.0,99.23332214355469,2839.0,91.97777557373047,879.0,99.65555572509766
1730865989.807258,1422.0,99.24443817138672,2839.0,93.5999984741211,879.0,99.75555419921875
1730865989.9146256,1427.0,98.75554656982422,2805.0,91.40000915527344,879.0,99.85555267333984
1730865989.9968653,1427.0,98.97777557373047,2805.0,92.977783203125,879.0,99.95555877685547
1730865990.0822232,1448.0,97.10000610351562,2805.0,94.55555725097656,879.0,99.96666717529297
1730865990.2599092,1448.0,97.55555725097656,2774.0,92.6333236694336,909.0,96.977783203125
1730865990.3908527,1453.0,97.45555877685547,2774.0,94.15554809570312,909.0,97.32222747802734
1730865990.5381665,1453.0,97.84445190429688,2740.0,91.87777709960938,887.0,99.86666107177734
1730865990.6295705,1458.0,97.73333740234375,2740.0,93.37777709960938,887.0,99.95555114746094
1730865990.7253442,1458.0,98.17778015136719,2740.0,94.87777709960938,887.0,99.95555877685547
1730865990.8525064,1458.0,98.5777816772461,2704.0,92.37777709960938,887.0,99.86666870117188
1730865990.9478462,1460.0,98.77777099609375,2704.0,93.87777709960938,887.0,99.77777862548828
1730865991.1787121,1460.0,99.14443969726562,2669.0,91.49999237060547,887.0,99.68888854980469
1730865991.2754781,1465.0,99.0111083984375,2669.0,93.01110076904297,887.0,99.5999984741211
1730865991.3666093,1465.0,99.19999694824219,2669.0,94.522216796875,887.0,99.5111083984375
1730865991.4935992,1469.0,98.9888916015625,2635.0,92.28889465332031,887.0,99.75555419921875
1730865991.568553,1469.0,99.16666412353516,2635.0,93.83333587646484,886.0,99.89999389648438
1730865991.8254378,1473.0,98.9444351196289,2598.0,91.30001068115234,888.0,99.8888931274414
1730865992.004823,1462.0,99.78888702392578,2598.0,92.8777847290039,888.0,99.9000015258789
1730865992.1069963,1462.0,99.74444580078125,2576.0,92.25555419921875,888.0,99.9111099243164
1730865992.1928694,1466.0,99.90000915527344,2576.0,93.67778015136719,888.0,99.92222595214844
1730865992.459165,1466.0,99.9666748046875,2541.0,91.59999084472656,888.0,99.93333435058594
1730865992.590464,1470.0,99.63333129882812,2541.0,93.022216796875,888.0,99.94444274902344
1730865992.7337763,1470.0,99.68888854980469,2506.0,90.94445037841797,888.0,99.95555877685547
1730865992.8238106,1469.0,99.84444427490234,2506.0,92.75556182861328,888.0,99.96666717529297
1730865992.9193149,1469.0,99.84444427490234,2506.0,94.18889617919922,888.0,99.97777557373047
1730865993.0462334,1473.0,99.44444274902344,2471.0,92.1222152709961,888.0,100.0
1730865993.1372564,1473.0,99.44444274902344,2471.0,93.53333282470703,888.0,100.0
1730865993.2018511,1473.0,99.56666564941406,2471.0,94.94444274902344,888.0,100.0
1730865993.3750706,1477.0,99.28888702392578,2436.0,92.61112213134766,888.0,100.0
1730865993.4708624,1477.0,99.4111099243164,2436.0,94.16667938232422,870.0,98.19999694824219
1730865993.5615828,1480.0,99.23332977294922,2436.0,95.33334350585938,870.0,98.4000015258789
1730865993.6721032,1480.0,99.34444427490234,2401.0,93.0,870.0,98.5999984741211
1730865993.7680454,1480.0,99.45555877685547,2401.0,94.16666412353516,870.0,98.80000305175781
1730865993.8378372,1484.0,99.17778015136719,2401.0,95.33333587646484,870.0,99.0
1730865994.0261393,1484.0,99.34445190429688,2366.0,92.99999237060547,888.0,99.0
1730865994.1103458,1488.0,99.06666564941406,2366.0,94.16665649414062,888.0,99.0
1730865994.294099,1488.0,99.23332977294922,2331.0,91.83334350585938,888.0,99.0
1730865994.3859386,1491.0,99.0999984741211,2331.0,93.3888931274414,888.0,99.0
1730865994.4768887,1491.0,99.25555419921875,2331.0,94.55555725097656,888.0,99.0
1730865994.609659,1491.0,99.4111099243164,2296.0,92.22222137451172,888.0,99.19999694824219
1730865994.7006168,1493.0,99.33333587646484,2296.0,93.77777862548828,888.0,99.4000015258789
1730865994.7706692,1493.0,99.47777557373047,2296.0,94.94444274902344,888.0,99.5999984741211
1730865994.9401062,1497.0,99.22222900390625,2262.0,92.71112060546875,888.0,99.80000305175781
1730865995.0307388,1497.0,99.36666870117188,2262.0,94.25556182861328,888.0,100.0
1730865995.126417,1497.0,99.51111602783203,2262.0,95.41111755371094,888.0,100.0
1730865995.251879,1500.0,99.31111145019531,2228.0,93.16665649414062,888.0,100.0
1730865995.3213875,1500.0,99.44444274902344,2228.0,94.31109619140625,888.0,100.0
1730865995.4016213,1503.0,99.24444580078125,2228.0,95.4555435180664,906.0,98.19999694824219
1730865995.578694,1503.0,99.37777709960938,2193.0,93.10000610351562,906.0,98.4000015258789
1730865995.710926,1506.0,99.21110534667969,2193.0,94.24445343017578,888.0,99.5999984741211
1730865995.8640025,1506.0,99.35555267333984,2158.0,91.88888549804688,888.0,99.5999984741211
1730865995.9497359,1510.0,99.0999984741211,2158.0,93.4222183227539,888.0,99.5999984741211
1730865996.222548,1510.0,99.24444580078125,2123.0,91.07776641845703,888.0,99.5999984741211
1730865996.3497303,1516.0,98.78888702392578,2123.0,92.6222152709961,888.0,99.5999984741211
1730865996.4975421,1516.0,99.0,2085.0,90.3666763305664,888.0,99.5999984741211
1730865996.5887656,1519.0,98.87777709960938,2085.0,91.95555877685547,888.0,99.5999984741211
1730865996.6756492,1519.0,99.08888244628906,2085.0,93.54444885253906,888.0,99.5999984741211
1730865996.8124485,1522.0,98.9666748046875,2052.0,91.83333587646484,888.0,99.80000305175781
1730865996.903384,1522.0,99.17778778076172,2052.0,93.4000015258789,888.0,100.0
1730865996.9626098,1522.0,99.35556030273438,2052.0,94.9666748046875,888.0,100.0
1730865997.1406784,1526.0,99.13333129882812,2020.0,92.94444274902344,888.0,100.0
1730865997.2315207,1526.0,99.31111145019531,2020.0,94.47777557373047,888.0,100.0
1730865997.4249454,1528.0,99.28888702392578,1986.0,92.22221374511719,888.0,100.0
1730865997.5141518,1528.0,99.42222595214844,1986.0,93.74443817138672,888.0,100.0
1730865997.6002827,1532.0,99.15556335449219,1986.0,94.84443664550781,888.0,100.0
1730865997.7794747,1532.0,99.30000305175781,1954.0,92.74444580078125,888.0,100.0
1730865997.896256,1535.0,99.14444732666016,1954.0,94.19999694824219,888.0,100.0
1730865998.0534499,1535.0,99.28888702392578,1921.0,91.9888916015625,888.0,100.0
1730865998.148924,1539.0,99.0333251953125,1921.0,93.44445037841797,888.0,100.0
1730865998.2383168,1539.0,99.22222137451172,1921.0,94.9000015258789,888.0,100.0
1730865998.3693604,1539.0,99.36666107177734,1888.0,92.70000457763672,888.0,100.0
1730865998.4649591,1543.0,99.11111450195312,1888.0,94.16667175292969,888.0,100.0
1730865998.52461,1543.0,99.27777862548828,1888.0,95.25555419921875,888.0,100.0
1730865998.6982903,1546.0,99.14443969726562,1855.0,93.04444885253906,888.0,100.0
1730865998.7890186,1546.0,99.29999542236328,1855.0,94.5,888.0,100.0
1730865998.8796096,1546.0,99.45555877685547,1855.0,95.5999984741211,888.0,100.0
1730865998.985378,1550.0,99.17778015136719,1823.0,93.49999237060547,889.0,99.9000015258789
1730865999.0658731,1550.0,99.34445190429688,1823.0,94.58888244628906,889.0,99.9111099243164
1730865999.335491,1553.0,99.16667175292969,1793.0,92.67777252197266,888.0,99.97777557373047
1730865999.4613514,1557.0,98.9222183227539,1793.0,94.0999984741211,888.0,99.97777557373047
1730865999.6090155,1557.0,99.1222152709961,1761.0,91.95555877685547,888.0,99.97777557373047
1730865999.69501,1569.0,98.07777404785156,1761.0,93.36666870117188,888.0,99.97777557373047
1730865999.9200654,1569.0,98.36666870117188,1730.0,91.67778015136719,888.0,99.97777557373047
1730866000.010737,1580.0,97.522216796875,1730.0,93.06666564941406,888.0,99.97777557373047
1730866000.085653,1580.0,97.89999389648438,1730.0,94.45555877685547,888.0,99.97777557373047
1730866000.2472541,1580.0,98.27777099609375,1700.0,92.84445190429688,888.0,99.97777557373047
1730866000.3381958,1584.0,98.21111297607422,1700.0,94.21111297607422,888.0,99.9888916015625
1730866000.558897,1584.0,98.5888900756836,1670.0,92.57777404785156,888.0,100.0
1730866000.633883,1594.0,97.93333435058594,1670.0,93.9444351196289,888.0,100.0
1730866000.7085583,1594.0,98.34444427490234,1670.0,95.31110382080078,888.0,100.0
1730866000.8920033,1604.0,97.75556182861328,1640.0,93.32221984863281,889.0,99.9000015258789
1730866000.9836478,1604.0,98.14444732666016,1640.0,94.66666412353516,889.0,99.9111099243164
1730866001.1676283,1612.0,97.73333740234375,1609.0,92.56666564941406,889.0,99.92222595214844
1730866001.2582347,1612.0,98.0888900756836,1609.0,93.9111099243164,889.0,99.93333435058594
1730866001.3484728,1621.0,97.54444122314453,1609.0,95.25555419921875,889.0,99.94444274902344
1730866001.4839542,1621.0,97.99999237060547,1580.0,93.3666763305664,889.0,99.95555877685547
1730866001.5736105,1626.0,97.9111099243164,1580.0,94.70000457763672,889.0,99.96666717529297
1730866001.8091826,1626.0,98.37777709960938,1551.0,92.80000305175781,889.0,99.97777557373047
1730866001.894867,1627.0,98.63333892822266,1551.0,94.12222290039062,889.0,99.9888916015625
1730866001.9913192,1627.0,99.0,1551.0,95.44444274902344,889.0,100.0
1730866002.0971608,1627.0,99.25556182861328,1522.0,93.53333282470703,889.0,100.0
1730866002.1879995,1627.0,99.51111602783203,1522.0,94.84444427490234,889.0,100.0
1730866002.449577,1627.0,99.67778015136719,1494.0,93.0111083984375,889.0,100.0
1730866002.5811543,1633.0,99.24444580078125,1494.0,94.28888702392578,889.0,100.0
1730866002.7231104,1636.0,99.07777404785156,1465.0,92.66667175292969,889.0,100.0
1730866002.819208,1636.0,99.24443817138672,1465.0,93.94445037841797,889.0,100.0
1730866003.037636,1639.0,99.05554962158203,1436.0,92.32221984863281,889.0,100.0
1730866003.1326604,1639.0,99.19999694824219,1436.0,93.5999984741211,889.0,100.0
1730866003.192037,1648.0,98.43333435058594,1436.0,94.87777709960938,889.0,100.0
1730866003.3717253,1648.0,98.66667175292969,1406.0,93.15555572509766,889.0,100.0
1730866003.462153,1651.0,98.5999984741211,1406.0,94.44445037841797,889.0,100.0
1730866003.6478615,1651.0,98.86666870117188,1378.0,92.93333435058594,889.0,100.0
1730866003.7387776,1656.0,98.63333129882812,1378.0,94.22222137451172,889.0,100.0
1730866003.8286886,1656.0,98.8888931274414,1378.0,95.5111083984375,889.0,100.0
1730866003.960336,1656.0,99.11111450195312,1348.0,93.477783203125,889.0,100.0
1730866004.122072,1659.0,99.03333282470703,1348.0,94.77777862548828,889.0,100.0
1730866004.2895472,1659.0,99.25555419921875,1320.0,92.95555877685547,889.0,100.0
1730866004.3790445,1670.0,98.3777847290039,1320.0,94.24444580078125,889.0,100.0
1730866004.578575,1670.0,98.62223052978516,1291.0,92.63333129882812,889.0,100.0
1730866004.7458644,1675.0,98.36666870117188,1291.0,93.9111099243164,889.0,100.0
1730866004.923407,1679.0,98.23332977294922,1262.0,92.28887939453125,889.0,100.0
1730866005.0189857,1679.0,98.54444122314453,1262.0,93.57777404785156,889.0,100.0
1730866005.200706,1686.0,98.0999984741211,1233.0,91.96666717529297,889.0,100.0
1730866005.2946827,1686.0,98.43333435058594,1233.0,93.5777816772461,889.0,100.0
1730866005.5100346,1678.0,99.56666564941406,1203.0,91.85554504394531,889.0,100.0
1730866005.6062193,1678.0,99.77777862548828,1203.0,93.46665954589844,889.0,100.0
1730866005.6763504,1678.0,99.9888916015625,1203.0,94.76666259765625,889.0,100.0
1730866005.8400006,1678.0,99.9222183227539,1174.0,93.16667175292969,889.0,100.0
1730866006.0180979,1672.0,99.23333740234375,1174.0,94.46666717529297,889.0,100.0
1730866006.1296084,1666.0,98.66667175292969,1144.0,92.76667022705078,889.0,100.0
1730866006.2208633,1666.0,98.81111145019531,1144.0,94.0777816772461,889.0,100.0
1730866006.2960906,1666.0,98.95555877685547,1144.0,95.3888931274414,889.0,100.0
1730866006.4748025,1663.0,98.87777709960938,1115.0,93.47777557373047,889.0,100.0
1730866006.6066463,1663.0,99.13333129882812,1115.0,94.78888702392578,889.0,100.0
1730866006.7499022,1662.0,99.19999694824219,1085.0,92.76667022705078,910.0,97.89999389648438
1730866006.8407888,1662.0,99.37776947021484,1085.0,94.0777816772461,910.0,98.13333129882812
1730866006.9366705,1662.0,99.55554962158203,1085.0,95.3888931274414,889.0,99.53333282470703
1730866007.0639083,1662.0,99.73332977294922,1056.0,93.47777557373047,889.0,99.53333282470703
1730866007.1552713,1662.0,99.84444427490234,1056.0,94.78888702392578,889.0,99.53333282470703
1730866007.2200563,1663.0,99.9888916015625,1056.0,95.76666259765625,889.0,99.53333282470703
1730866007.3925025,1663.0,99.97777557373047,1026.0,93.74444580078125,889.0,99.53333282470703
1730866007.489119,1665.0,99.74444580078125,1026.0,95.05555725097656,889.0,99.53333282470703
1730866007.5780158,1665.0,99.76666259765625,1026.0,96.04444885253906,889.0,99.53333282470703
1730866007.678472,1665.0,99.78888702392578,996.0,94.03333282470703,889.0,99.53333282470703
1730866007.7688441,1664.0,99.9222183227539,996.0,95.022216796875,889.0,99.76666259765625
1730866007.8560433,1664.0,99.9444351196289,996.0,96.0111083984375,889.0,100.0
1730866007.9888134,1664.0,99.96665954589844,966.0,94.0,889.0,100.0
1730866008.0802143,1667.0,99.68888092041016,966.0,95.0,889.0,100.0
1730866008.3159418,1667.0,99.74443817138672,936.0,93.0,889.0,100.0
1730866008.406551,1664.0,99.9111099243164,936.0,94.33332824707031,889.0,100.0
1730866008.4918852,1664.0,99.9000015258789,936.0,95.33332824707031,889.0,100.0
1730866008.62433,1659.0,99.4111099243164,906.0,93.33333587646484,889.0,100.0
1730866008.715463,1659.0,99.47777557373047,906.0,94.66667175292969,889.0,100.0
1730866008.9501002,1662.0,99.84443664550781,876.0,92.66666412353516,889.0,100.0
1730866009.0409884,1662.0,99.86666107177734,876.0,94.0,889.0,100.0
1730866009.2300909,1661.0,99.78888702392578,847.0,92.43333435058594,882.0,99.30000305175781
1730866009.414028,1663.0,99.977783203125,847.0,93.75555419921875,894.0,99.42222595214844
1730866009.5405214,1663.0,99.93333435058594,818.0,92.17778015136719,894.0,99.47777557373047
1730866009.6309118,1656.0,99.4111099243164,818.0,93.4888916015625,894.0,99.53333282470703
1730866009.6966424,1656.0,99.5,818.0,94.80000305175781,894.0,99.5888900756836
1730866009.8653276,1656.0,99.5888900756836,789.0,93.21110534667969,894.0,99.64444732666016
1730866010.0443115,1659.0,99.92222595214844,789.0,94.5111083984375,894.0,99.69999694824219
1730866010.1540415,1660.0,99.977783203125,760.0,92.9111099243164,894.0,99.75555419921875
1730866010.2498171,1660.0,99.95555877685547,760.0,94.19999694824219,894.0,99.81111145019531
1730866010.3202605,1660.0,99.93333435058594,760.0,95.4888916015625,894.0,99.86666870117188
1730866010.504637,1656.0,99.67778015136719,731.0,93.55555725097656,894.0,100.0
1730866010.6320488,1656.0,99.75555419921875,731.0,94.84444427490234,894.0,100.0
1730866010.7750547,1660.0,99.76667022705078,703.0,93.01111602783203,910.0,98.39999389648438
1730866010.8657968,1660.0,99.81111145019531,703.0,94.28888702392578,910.0,98.57777404785156
1730866010.9567068,1664.0,99.45555114746094,703.0,95.56666564941406,910.0,98.75555419921875
1730866011.0887835,1664.0,99.54444122314453,674.0,93.62222290039062,909.0,99.03333282470703
1730866011.1799486,1664.0,99.5999984741211,674.0,94.9000015258789,909.0,99.20000457763672
1730866011.2496033,1667.0,99.34443664550781,674.0,95.85556030273438,909.0,99.36666870117188
1730866011.4168756,1667.0,99.4222183227539,649.0,94.31111145019531,909.0,99.53333282470703
1730866011.5079577,1670.0,99.20000457763672,649.0,95.54444122314453,909.0,99.70000457763672
1730866011.6035404,1670.0,99.35556030273438,649.0,96.45555114746094,909.0,99.86666870117188
1730866011.7038527,1670.0,99.51111602783203,625.0,94.96666717529297,909.0,99.96666717529297
1730866011.7940755,1677.0,98.9222183227539,625.0,95.83333587646484,909.0,99.97777557373047
1730866011.8818412,1677.0,99.1111068725586,625.0,96.69999694824219,909.0,99.9888916015625
1730866012.059222,1677.0,99.25555419921875,601.0,95.16666412353516,909.0,100.0
1730866012.0972545,1680.0,99.10000610351562,601.0,95.97777557373047,909.0,100.0
1730866012.3320851,1680.0,99.27778625488281,578.0,94.4888916015625,909.0,100.0
1730866012.4245346,1685.0,98.92222595214844,578.0,95.55555725097656,908.0,99.9000015258789
1730866012.5150566,1685.0,99.12222290039062,578.0,96.34444427490234,908.0,99.9111099243164
1730866012.6412644,1689.0,98.88888549804688,556.0,94.93333435058594,908.0,99.92222595214844
1730866012.735078,1689.0,99.0999984741211,556.0,95.96666717529297,908.0,99.93333435058594
1730866012.9707322,1694.0,98.81111145019531,536.0,94.73333740234375,910.0,99.85555267333984
1730866013.061944,1694.0,99.0,536.0,95.72222137451172,910.0,99.86666107177734
1730866013.2414448,1697.0,98.88888549804688,513.0,94.4111099243164,909.0,99.977783203125
1730866013.336563,1704.0,98.4111099243164,513.0,95.38888549804688,909.0,99.977783203125
1730866013.5563233,1704.0,98.67778015136719,492.0,94.26667022705078,908.0,99.9222183227539
1730866013.651427,1716.0,97.74444580078125,492.0,95.22222137451172,908.0,99.93333435058594
1730866013.7205894,1716.0,98.0888900756836,492.0,96.17778015136719,908.0,99.93333435058594
1730866013.8834045,1716.0,98.43333435058594,472.0,95.13333129882812,908.0,99.93333435058594
