Timestamp,k_d_1,k_v_1,k_d_2,k_v_2,k_d_3,k_v_3
1731474135.7085116,5.787743091583252,2.0,5.787743091583252,2.0,5.787743091583252,2.0
1731474136.3588867,6.867619514465332,3.0,6.867619514465332,3.0,6.867619514465332,3.0
1731474136.6086814,7.987493515014648,4.0,7.987493515014648,4.0,7.987493515014648,4.0
1731474136.6586556,9.093466758728027,5.0,9.093466758728027,5.0,9.093466758728027,5.0
1731474136.7085814,10.204998016357422,6.0,10.204998016357422,6.0,10.204998016357422,6.0
1731474136.7586725,11.324114799499512,7.0,11.324114799499512,7.0,11.324114799499512,7.0
1731474136.808501,12.450623512268066,8.0,12.450623512268066,8.0,12.450623512268066,8.0
1731474136.858473,13.587225914001465,9.0,13.587225914001465,9.0,13.587225914001465,9.0
1731474136.9084017,14.736363410949707,10.0,14.736363410949707,10.0,14.736363410949707,10.0
1731474136.9583972,15.892599105834961,11.0,15.892599105834961,11.0,15.892599105834961,11.0
1731474137.0092394,17.066608428955078,12.0,17.066608428955078,12.0,17.066608428955078,12.0
1731474137.0592687,18.254898071289062,13.0,18.254898071289062,13.0,18.254898071289062,13.0
1731474137.1091747,19.45496940612793,14.0,19.45496940612793,14.0,19.45496940612793,14.0
1731474137.159192,20.67426300048828,15.0,20.67426300048828,15.0,20.67426300048828,15.0
1731474137.2090607,21.910175323486328,16.0,21.910175323486328,16.0,21.910175323486328,16.0
1731474137.2591295,23.168001174926758,17.0,23.168001174926758,17.0,23.168001174926758,17.0
1731474137.308942,24.44287109375,18.0,24.44287109375,18.0,24.44287109375,18.0
1731474137.3589773,25.742210388183594,19.0,25.742210388183594,19.0,25.742210388183594,19.0
1731474137.4088914,27.063594818115234,20.0,27.063594818115234,20.0,27.063594818115234,20.0
1731474137.4588525,28.409452438354492,21.0,28.409452438354492,21.0,28.409452438354492,21.0
1731474137.50879,29.779802322387695,22.0,29.779802322387695,22.0,29.779802322387695,22.0
1731474137.5588923,31.180633544921875,23.0,31.180633544921875,23.0,31.180633544921875,23.0
1731474137.6086698,32.61043167114258,24.0,32.61043167114258,24.0,32.61043167114258,24.0
1731474137.6586838,34.06342315673828,25.0,34.06342315673828,25.0,34.06342315673828,25.0
1731474137.7086177,35.54648208618164,26.0,35.54648208618164,26.0,35.54648208618164,26.0
1731474137.758543,37.06624984741211,27.0,37.06624984741211,27.0,37.06624984741211,27.0
1731474137.8085432,38.616539001464844,28.0,38.616539001464844,28.0,38.616539001464844,28.0
1731474137.8584952,40.2044677734375,29.0,40.2044677734375,29.0,40.2044677734375,29.0
1731474137.9083514,41.838924407958984,30.0,41.838924407958984,30.0,41.838924407958984,30.0
1731474137.9583144,43.47972106933594,31.0,43.47972106933594,31.0,43.47972106933594,31.0
1731474138.0092392,45.188480377197266,32.0,45.188480377197266,32.0,45.188480377197266,32.0
1731474138.0592258,46.925167083740234,33.0,46.925167083740234,33.0,46.925167083740234,33.0
1731474138.1091983,48.70347595214844,34.0,48.70347595214844,34.0,48.70347595214844,34.0
1731474138.1591976,50.521759033203125,35.0,50.521759033203125,35.0,50.521759033203125,35.0
1731474138.209059,52.38105010986328,36.0,52.38105010986328,36.0,52.38105010986328,36.0
1731474138.2590916,54.29080581665039,37.0,54.29080581665039,37.0,54.29080581665039,37.0
1731474138.3088815,56.2354850769043,38.0,56.2354850769043,38.0,56.2354850769043,38.0
1731474138.3589008,58.23353958129883,39.0,58.23353958129883,39.0,58.23353958129883,39.0
1731474138.4087975,60.28517150878906,40.0,60.28517150878906,40.0,60.28517150878906,40.0
1731474138.458818,62.37767028808594,41.0,62.37767028808594,41.0,62.37767028808594,41.0
1731474138.5087607,64.52163696289062,42.0,64.52163696289062,42.0,64.52163696289062,42.0
1731474138.5588555,66.72431182861328,43.0,66.72431182861328,43.0,66.72431182861328,43.0
1731474138.6086557,68.9894027709961,44.0,68.9894027709961,44.0,68.9894027709961,44.0
1731474138.6586676,71.28131866455078,45.0,71.28131866455078,45.0,71.28131866455078,45.0
1731474138.7086084,73.64151000976562,46.0,73.64151000976562,46.0,73.64151000976562,46.0
1731474138.758562,76.05017852783203,47.0,76.05017852783203,47.0,76.05017852783203,47.0
1731474138.8085184,78.52561950683594,48.0,78.52561950683594,48.0,78.52561950683594,48.0
1731474138.8586066,81.06714630126953,49.0,81.06714630126953,49.0,81.06714630126953,49.0
1731474139.2399957,95.79486083984375,50.0,95.79486083984375,50.0,95.79486083984375,50.0
1731474139.2900891,98.86106872558594,51.0,98.86106872558594,51.0,98.86106872558594,51.0
1731474139.3398674,101.97759246826172,52.0,101.97759246826172,52.0,101.97759246826172,52.0
1731474139.389985,105.1724853515625,53.0,105.1724853515625,53.0,105.1724853515625,53.0
1731474139.4397805,108.48472595214844,54.0,108.48472595214844,54.0,108.48472595214844,54.0
1731474139.4898527,111.75193786621094,55.0,111.75193786621094,55.0,111.75193786621094,55.0
1731474139.539713,115.13211059570312,56.0,115.13211059570312,56.0,115.13211059570312,56.0
1731474139.5897124,118.59759521484375,57.0,118.59759521484375,57.0,118.59759521484375,57.0
1731474139.639718,122.13418579101562,58.0,122.13418579101562,58.0,122.13418579101562,58.0
1731474139.6895943,125.73509979248047,59.0,125.73509979248047,59.0,125.73509979248047,59.0
1731474139.7396622,129.41854858398438,60.0,129.41854858398438,60.0,129.41854858398438,60.0
1731474139.789675,133.16542053222656,61.0,133.16542053222656,61.0,133.16542053222656,61.0
1731474139.8395355,136.99072265625,62.0,136.99072265625,62.0,136.99072265625,62.0
1731474139.8896139,140.8904266357422,63.0,140.8904266357422,63.0,140.8904266357422,63.0
1731474139.9394777,144.86903381347656,64.0,144.86903381347656,64.0,144.86903381347656,64.0
1731474139.9894018,148.91981506347656,65.0,148.91981506347656,65.0,148.91981506347656,65.0
1731474140.0392613,153.04779052734375,66.0,153.04779052734375,66.0,153.04779052734375,66.0
1731474140.089296,157.28463745117188,67.0,157.28463745117188,67.0,157.28463745117188,67.0
1731474140.1402464,161.6470184326172,68.0,161.6470184326172,68.0,161.6470184326172,68.0
1731474140.1902158,166.0421600341797,69.0,166.0421600341797,69.0,166.0421600341797,69.0
1731474140.2401154,170.51881408691406,70.0,170.51881408691406,70.0,170.51881408691406,70.0
1731474140.2900033,175.06678771972656,71.0,175.06678771972656,71.0,175.06678771972656,71.0
1731474140.3400288,179.72911071777344,72.0,179.72911071777344,72.0,179.72911071777344,72.0
1731474140.3900661,184.4704132080078,73.0,184.4704132080078,73.0,184.4704132080078,73.0
1731474140.439955,189.30630493164062,74.0,189.30630493164062,74.0,189.30630493164062,74.0
1731474140.4899478,194.214599609375,75.0,194.214599609375,75.0,194.214599609375,75.0
1731474140.5398195,199.22235107421875,76.0,199.22235107421875,76.0,199.22235107421875,76.0
1731474140.5896668,204.30531311035156,77.0,204.30531311035156,77.0,204.30531311035156,77.0
1731474140.6397073,209.52281188964844,78.0,209.52281188964844,78.0,209.52281188964844,78.0
1731474140.6897366,214.8290252685547,79.0,214.8290252685547,79.0,214.8290252685547,79.0
1731474140.7397206,220.24671936035156,80.0,220.24671936035156,80.0,220.24671936035156,80.0
1731474140.7895658,225.726806640625,81.0,225.726806640625,81.0,225.726806640625,81.0
1731474140.8395772,231.34405517578125,82.0,231.34405517578125,82.0,231.34405517578125,82.0
1731474140.8895676,237.02146911621094,83.0,237.02146911621094,83.0,237.02146911621094,83.0
1731474140.9393978,242.81301879882812,84.0,242.81301879882812,84.0,242.81301879882812,84.0
1731474140.9892786,248.70175170898438,85.0,248.70175170898438,85.0,248.70175170898438,85.0
1731474141.0394018,254.75489807128906,86.0,254.75489807128906,86.0,254.75489807128906,86.0
1731474141.0892773,260.85040283203125,87.0,260.85040283203125,87.0,260.85040283203125,87.0
1731474141.1401522,267.1701354980469,88.0,267.1701354980469,88.0,267.1701354980469,88.0
1731474141.1902132,273.52447509765625,89.0,273.52447509765625,89.0,273.52447509765625,89.0
1731474141.2402446,280.00006103515625,90.0,280.00006103515625,90.0,280.00006103515625,90.0
1731474141.2901216,286.5361022949219,91.0,286.5361022949219,91.0,286.5361022949219,91.0
1731474141.3400016,293.2088317871094,92.0,293.2088317871094,92.0,293.2088317871094,92.0
1731474141.3900766,299.9993896484375,93.0,299.9993896484375,93.0,299.9993896484375,93.0
1731474141.4400213,306.92449951171875,94.0,306.92449951171875,94.0,306.92449951171875,94.0
1731474141.4898539,313.9276428222656,95.0,313.9276428222656,95.0,313.9276428222656,95.0
1731474141.5398967,321.0732421875,96.0,321.0732421875,96.0,321.0732421875,96.0
1731474141.5897396,328.2893981933594,97.0,328.2893981933594,97.0,328.2893981933594,97.0
1731474141.6397777,335.6885681152344,98.0,335.6885681152344,98.0,335.6885681152344,98.0
1731474141.6896517,343.1673889160156,99.0,343.1673889160156,99.0,343.1673889160156,99.0
1731474141.7396317,350.81732177734375,100.0,350.81732177734375,100.0,350.81732177734375,100.0
1731474141.789641,358.5475769042969,101.0,358.5475769042969,101.0,358.5475769042969,101.0
1731474141.8394883,366.40545654296875,102.0,366.40545654296875,102.0,366.40545654296875,102.0
1731474141.8893626,374.3699645996094,103.0,374.3699645996094,103.0,374.3699645996094,103.0
1731474141.9393225,382.489501953125,104.0,382.489501953125,104.0,382.489501953125,104.0
1731474141.9893405,390.7639465332031,105.0,390.7639465332031,105.0,390.7639465332031,105.0
1731474142.0393183,399.1761169433594,106.0,399.1761169433594,106.0,399.1761169433594,106.0
1731474142.0892508,407.6627197265625,107.0,407.6627197265625,107.0,407.6627197265625,107.0
1731474142.139246,416.3294677734375,108.0,416.3294677734375,108.0,416.3294677734375,108.0
1731474142.1901712,425.2674865722656,109.0,425.2674865722656,109.0,425.2674865722656,109.0
1731474142.2401364,434.1999206542969,110.0,434.1999206542969,110.0,434.1999206542969,110.0
1731474142.2900872,443.2557373046875,111.0,443.2557373046875,111.0,443.2557373046875,111.0
1731474142.3400176,452.4544372558594,112.0,452.4544372558594,112.0,452.4544372558594,112.0
1731474142.3899982,461.7786560058594,113.0,461.7786560058594,113.0,461.7786560058594,113.0
1731474142.4399173,471.2948303222656,114.0,471.2948303222656,114.0,471.2948303222656,114.0
1731474142.4898849,480.88433837890625,115.0,480.88433837890625,115.0,480.88433837890625,115.0
1731474142.5398262,490.6279296875,116.0,490.6279296875,116.0,490.6279296875,116.0
1731474142.5898345,500.52008056640625,117.0,500.52008056640625,117.0,500.52008056640625,117.0
1731474142.6396751,510.5836486816406,118.0,510.5836486816406,118.0,510.5836486816406,118.0
1731474142.689624,520.7484130859375,119.0,520.7484130859375,119.0,520.7484130859375,119.0
1731474142.7396877,531.1456298828125,120.0,531.1456298828125,120.0,531.1456298828125,120.0
1731474142.7895157,541.5780639648438,121.0,541.5780639648438,121.0,541.5780639648438,121.0
1731474142.8395174,552.2975463867188,122.0,552.2975463867188,122.0,552.2975463867188,122.0
1731474142.8894358,563.0045776367188,123.0,563.0045776367188,123.0,563.0045776367188,123.0
1731474142.939421,573.99951171875,124.0,573.99951171875,124.0,573.99951171875,124.0
1731474142.989331,585.041748046875,125.0,585.041748046875,125.0,585.041748046875,125.0
1731474143.0392566,596.3287353515625,126.0,596.3287353515625,126.0,596.3287353515625,126.0
1731474143.0892653,607.72119140625,127.0,607.72119140625,127.0,607.72119140625,127.0
1731474143.1392438,619.3314819335938,128.0,619.3314819335938,128.0,619.3314819335938,128.0
1731474143.1901145,631.2210083007812,129.0,631.2210083007812,129.0,631.2210083007812,129.0
1731474143.2401328,643.1409301757812,130.0,643.1409301757812,130.0,643.1409301757812,130.0
1731474143.2901106,655.1954345703125,131.0,655.1954345703125,131.0,655.1954345703125,131.0
1731474143.3401623,667.4605712890625,132.0,667.4605712890625,132.0,667.4605712890625,132.0
1731474143.3899338,679.76953125,133.0,679.76953125,133.0,679.76953125,133.0
1731474143.4400024,692.4180297851562,134.0,692.4180297851562,134.0,692.4180297851562,134.0
1731474143.489819,705.0263671875,135.0,705.0263671875,135.0,705.0263671875,135.0
1731474143.5397732,717.9549560546875,136.0,717.9549560546875,136.0,717.9549560546875,136.0
1731474143.5897393,730.945068359375,137.0,730.945068359375,137.0,730.945068359375,137.0
1731474143.6397502,744.2442626953125,138.0,744.2442626953125,138.0,744.2442626953125,138.0
1731474143.6896462,757.5963745117188,139.0,757.5963745117188,139.0,757.5963745117188,139.0
1731474143.7396011,771.1804809570312,140.0,771.1804809570312,140.0,771.1804809570312,140.0
1731474143.789569,784.911376953125,141.0,784.911376953125,141.0,784.911376953125,141.0
1731474143.8395295,798.8128051757812,142.0,798.8128051757812,142.0,798.8128051757812,142.0
1731474143.8895874,812.9300537109375,143.0,812.9300537109375,143.0,812.9300537109375,143.0
1731474143.939539,827.2041625976562,144.0,827.2041625976562,144.0,827.2041625976562,144.0
1731474143.9893997,841.6314697265625,145.0,841.6314697265625,145.0,841.6314697265625,145.0
1731474144.0392823,856.2396240234375,146.0,856.2396240234375,146.0,856.2396240234375,146.0
1731474144.089266,871.03125,147.0,871.03125,147.0,871.03125,147.0
1731474144.139285,886.0839233398438,148.0,886.0839233398438,148.0,886.0839233398438,148.0
1731474144.1902807,901.5364379882812,149.0,901.5364379882812,149.0,901.5364379882812,149.0
1731474144.2401178,916.9053344726562,150.0,916.9053344726562,150.0,916.9053344726562,150.0
1731474144.2899477,932.3692626953125,151.0,932.3692626953125,151.0,932.3692626953125,151.0
1731474144.3399312,948.1749877929688,152.0,948.1749877929688,152.0,948.1749877929688,152.0
1731474144.389945,964.0923461914062,153.0,964.0923461914062,153.0,964.0923461914062,153.0
1731474144.4399543,980.239990234375,154.0,980.239990234375,154.0,980.239990234375,154.0
1731474144.489831,996.4915771484375,155.0,996.4915771484375,155.0,996.4915771484375,155.0
1731474144.5398407,1013.0250244140625,156.0,1013.0250244140625,156.0,1013.0250244140625,156.0
1731474144.5897121,1029.6959228515625,157.0,1029.6959228515625,157.0,1029.6959228515625,157.0
1731474144.6397834,1046.622802734375,158.0,1046.622802734375,158.0,1046.622802734375,158.0
1731474144.6897333,1063.706787109375,159.0,1063.706787109375,159.0,1063.706787109375,159.0
1731474144.7396362,1080.993408203125,160.0,1080.993408203125,160.0,1080.993408203125,160.0
1731474144.7895703,1098.424072265625,161.0,1098.424072265625,161.0,1098.424072265625,161.0
1731474144.8395107,1116.1427001953125,162.0,1116.1427001953125,162.0,1116.1427001953125,162.0
1731474144.8894217,1134.0133056640625,163.0,1134.0133056640625,163.0,1134.0133056640625,163.0
1731474144.9395008,1152.150390625,164.0,1152.150390625,164.0,1152.150390625,164.0
1731474144.989377,1170.4189453125,165.0,1170.4189453125,165.0,1170.4189453125,165.0
1731474145.0394049,1188.999267578125,166.0,1188.999267578125,166.0,1188.999267578125,166.0
1731474145.0892012,1207.556884765625,167.0,1207.556884765625,167.0,1207.556884765625,167.0
1731474145.1393504,1226.6171875,168.0,1226.6171875,168.0,1226.6171875,168.0
1731474145.1891997,1245.6405029296875,169.0,1245.6405029296875,169.0,1245.6405029296875,169.0
1731474145.2401588,1265.3355712890625,170.0,1265.3355712890625,170.0,1265.3355712890625,170.0
1731474145.290124,1284.865234375,171.0,1284.865234375,171.0,1284.865234375,171.0
1731474145.3400424,1304.6446533203125,172.0,1304.6446533203125,172.0,1304.6446533203125,172.0
1731474145.390102,1324.677001953125,173.0,1324.677001953125,173.0,1324.677001953125,173.0
1731474145.4399805,1344.8197021484375,174.0,1344.8197021484375,174.0,1344.8197021484375,174.0
1731474145.4899025,1365.2216796875,175.0,1365.2216796875,175.0,1365.2216796875,175.0
1731474145.5398126,1385.828125,176.0,1385.828125,176.0,1385.828125,176.0
1731474145.589731,1406.6094970703125,177.0,1406.6094970703125,177.0,1406.6094970703125,177.0
1731474145.6397784,1427.780517578125,178.0,1427.780517578125,178.0,1427.780517578125,178.0
1731474145.6896195,1449.0533447265625,179.0,1449.0533447265625,179.0,1449.0533447265625,179.0
1731474145.739691,1470.6094970703125,180.0,1470.6094970703125,180.0,1470.6094970703125,180.0
1731474145.7895942,1492.2584228515625,181.0,1492.2584228515625,181.0,1492.2584228515625,181.0
1731474145.839546,1514.289306640625,182.0,1514.289306640625,182.0,1514.289306640625,182.0
1731474145.8895202,1536.3822021484375,183.0,1536.3822021484375,183.0,1536.3822021484375,183.0
1731474145.9394314,1558.898193359375,184.0,1558.898193359375,184.0,1558.898193359375,184.0
1731474145.9893925,1581.442138671875,185.0,1581.442138671875,185.0,1581.442138671875,185.0
1731474146.0393891,1604.4127197265625,186.0,1604.4127197265625,186.0,1604.4127197265625,186.0
1731474146.0892906,1627.4232177734375,187.0,1627.4232177734375,187.0,1627.4232177734375,187.0
1731474146.1392066,1650.69775390625,188.0,1650.69775390625,188.0,1650.69775390625,188.0
1731474146.1892066,1674.2694091796875,189.0,1674.2694091796875,189.0,1674.2694091796875,189.0
1731474146.2392662,1698.1466064453125,190.0,1698.1466064453125,190.0,1698.1466064453125,190.0
1731474146.2900531,1722.556396484375,191.0,1722.556396484375,191.0,1722.556396484375,191.0
1731474146.3401139,1746.9359130859375,192.0,1746.9359130859375,192.0,1746.9359130859375,192.0
1731474146.3900425,1771.4010009765625,193.0,1771.4010009765625,193.0,1771.4010009765625,193.0
1731474146.4399643,1796.2630615234375,194.0,1796.2630615234375,194.0,1796.2630615234375,194.0
1731474146.4898868,1821.202880859375,195.0,1821.202880859375,195.0,1821.202880859375,195.0
1731474146.5398424,1846.4876708984375,196.0,1846.4876708984375,196.0,1846.4876708984375,196.0
1731474146.5898244,1871.9056396484375,197.0,1871.9056396484375,197.0,1871.9056396484375,197.0
1731474146.6398294,1897.79736328125,198.0,1897.79736328125,198.0,1897.79736328125,198.0
1731474146.6897447,1923.6280517578125,199.0,1923.6280517578125,199.0,1923.6280517578125,199.0
1731474146.7396312,1949.8677978515625,200.0,1949.8677978515625,200.0,1949.8677978515625,200.0
1731474146.789546,1976.187744140625,201.0,1976.187744140625,201.0,1976.187744140625,201.0
1731474146.8395026,2002.9410400390625,202.0,2002.9410400390625,202.0,2002.9410400390625,202.0
1731474146.8894835,2029.98046875,203.0,2029.98046875,203.0,2029.98046875,203.0
1731474146.939377,2057.16064453125,204.0,2057.16064453125,204.0,2057.16064453125,204.0
1731474146.9893372,2084.683349609375,205.0,2084.683349609375,205.0,2084.683349609375,205.0
1731474147.0392928,2112.38232421875,206.0,2112.38232421875,206.0,2112.38232421875,206.0
1731474147.0892532,2140.4296875,207.0,2140.4296875,207.0,2140.4296875,207.0
1731474147.1392598,2168.724365234375,208.0,2168.724365234375,208.0,2168.724365234375,208.0
1731474147.1892078,2197.20166015625,209.0,2197.20166015625,209.0,2197.20166015625,209.0
1731474147.239118,2225.9736328125,210.0,2225.9736328125,210.0,2225.9736328125,210.0
1731474147.2890556,2255.008544921875,211.0,2255.008544921875,211.0,2255.008544921875,211.0
1731474147.34003,2284.845458984375,212.0,2284.845458984375,212.0,2284.845458984375,212.0
1731474147.389953,2314.488037109375,213.0,2314.488037109375,213.0,2314.488037109375,213.0
1731474147.4399762,2344.39501953125,214.0,2344.39501953125,214.0,2344.39501953125,214.0
1731474147.4898822,2374.43701171875,215.0,2374.43701171875,215.0,2374.43701171875,215.0
1731474147.5398347,2404.7314453125,216.0,2404.7314453125,216.0,2404.7314453125,216.0
1731474147.5897639,2435.37548828125,217.0,2435.37548828125,217.0,2435.37548828125,217.0
1731474147.6397233,2466.258544921875,218.0,2466.258544921875,218.0,2466.258544921875,218.0
1731474147.6896822,2497.388916015625,219.0,2497.388916015625,219.0,2497.388916015625,219.0
1731474147.739603,2528.8017578125,220.0,2528.8017578125,220.0,2528.8017578125,220.0
1731474147.7895708,2560.64404296875,221.0,2560.64404296875,221.0,2560.64404296875,221.0
1731474147.839557,2592.689208984375,222.0,2592.689208984375,222.0,2592.689208984375,222.0
1731474147.889536,2624.96337890625,223.0,2624.96337890625,223.0,2624.96337890625,223.0
1731474147.939503,2657.521484375,224.0,2657.521484375,224.0,2657.521484375,224.0
1731474147.9893682,2690.210693359375,225.0,2690.210693359375,225.0,2690.210693359375,225.0
1731474148.0393229,2723.327880859375,226.0,2723.327880859375,226.0,2723.327880859375,226.0
1731474148.0892675,2756.64990234375,227.0,2756.64990234375,227.0,2756.64990234375,227.0
1731474148.1391916,2790.36279296875,228.0,2790.36279296875,228.0,2790.36279296875,228.0
1731474148.1891968,2824.306396484375,229.0,2824.306396484375,229.0,2824.306396484375,229.0
1731474148.2391913,2858.58935546875,230.0,2858.58935546875,230.0,2858.58935546875,230.0
1731474148.289004,2893.0625,231.0,2893.0625,231.0,2893.0625,231.0
1731474148.3390393,2927.896484375,232.0,2927.896484375,232.0,2927.896484375,232.0
1731474148.3899746,2963.6494140625,233.0,2963.6494140625,233.0,2963.6494140625,233.0
1731474148.4399455,2999.14697265625,234.0,2999.14697265625,234.0,2999.14697265625,234.0
1731474148.4898977,3034.86181640625,235.0,3034.86181640625,235.0,3034.86181640625,235.0
1731474148.539939,3070.882080078125,236.0,3070.882080078125,236.0,3070.882080078125,236.0
1731474148.5898108,3107.095947265625,237.0,3107.095947265625,237.0,3107.095947265625,237.0
1731474148.6398258,3143.854248046875,238.0,3143.854248046875,238.0,3143.854248046875,238.0
1731474148.6896837,3180.60888671875,239.0,3180.60888671875,239.0,3180.60888671875,239.0
1731474148.7397082,3217.806884765625,240.0,3217.806884765625,240.0,3217.806884765625,240.0
1731474148.7895982,3255.18017578125,241.0,3255.18017578125,241.0,3255.18017578125,241.0
1731474148.8395123,3292.82421875,242.0,3292.82421875,242.0,3292.82421875,242.0
1731474148.8895173,3330.966064453125,243.0,3330.966064453125,243.0,3330.966064453125,243.0
1731474148.9394271,3369.4140625,244.0,3369.4140625,244.0,3369.4140625,244.0
1731474148.989394,3408.196533203125,245.0,3408.196533203125,245.0,3408.196533203125,245.0
1731474149.0393794,3447.097900390625,246.0,3447.097900390625,246.0,3447.097900390625,246.0
1731474149.0893095,3486.301025390625,247.0,3486.301025390625,247.0,3486.301025390625,247.0
1731474149.139286,3525.880615234375,248.0,3525.880615234375,248.0,3525.880615234375,248.0
1731474149.1892076,3565.773193359375,249.0,3565.773193359375,249.0,3565.773193359375,249.0
1731474149.2392628,3606.14404296875,250.0,3606.14404296875,250.0,3606.14404296875,250.0
1731474149.2891707,3646.555419921875,251.0,3646.555419921875,251.0,3646.555419921875,251.0
1731474149.3390863,3687.32861328125,252.0,3687.32861328125,252.0,3687.32861328125,252.0
1731474149.3890233,3728.522216796875,253.0,3728.522216796875,253.0,3728.522216796875,253.0
1731474149.4399798,3770.910888671875,254.0,3770.910888671875,254.0,3770.910888671875,254.0
1731474149.489963,3812.684326171875,255.0,3812.684326171875,255.0,3812.684326171875,255.0
1731474149.5398574,3854.744140625,256.0,3854.744140625,256.0,3854.744140625,256.0
1731474149.5898209,3897.177978515625,257.0,3897.177978515625,257.0,3897.177978515625,257.0
1731474149.639785,3939.85986328125,258.0,3939.85986328125,258.0,3939.85986328125,258.0
1731474149.689714,3982.934326171875,259.0,3982.934326171875,259.0,3982.934326171875,259.0
1731474149.7397473,4026.419189453125,260.0,4026.419189453125,260.0,4026.419189453125,260.0
1731474149.7896135,4070.019775390625,261.0,4070.019775390625,261.0,4070.019775390625,261.0
1731474149.839714,4114.19091796875,262.0,4114.19091796875,262.0,4114.19091796875,262.0
1731474149.8895714,4158.4228515625,263.0,4158.4228515625,263.0,4158.4228515625,263.0
1731474149.9394937,4203.31396484375,264.0,4203.31396484375,264.0,4203.31396484375,264.0
1731474149.9894161,4248.11669921875,265.0,4248.11669921875,265.0,4248.11669921875,265.0
1731474150.0394707,4293.59912109375,266.0,4293.59912109375,266.0,4293.59912109375,266.0
1731474150.0892787,4339.04541015625,267.0,4339.04541015625,267.0,4339.04541015625,267.0
1731474150.1392915,4385.244140625,268.0,4385.244140625,268.0,4385.244140625,268.0
1731474150.1892414,4431.45751953125,269.0,4431.45751953125,269.0,4431.45751953125,269.0
1731474150.239233,4478.310546875,270.0,4478.310546875,270.0,4478.310546875,270.0
1731474150.2891834,4525.259765625,271.0,4525.259765625,271.0,4525.259765625,271.0
1731474150.3391497,4572.6220703125,272.0,4572.6220703125,272.0,4572.6220703125,272.0
1731474150.3889644,4620.12841796875,273.0,4620.12841796875,273.0,4620.12841796875,273.0
1731474150.4399717,4669.18896484375,274.0,4669.18896484375,274.0,4669.18896484375,274.0
1731474150.4899325,4717.55908203125,275.0,4717.55908203125,275.0,4717.55908203125,275.0
1731474150.5399475,4766.36865234375,276.0,4766.36865234375,276.0,4766.36865234375,276.0
1731474150.5898569,4815.400390625,277.0,4815.400390625,277.0,4815.400390625,277.0
1731474150.6397717,4864.72021484375,278.0,4864.72021484375,278.0,4864.72021484375,278.0
1731474150.6896904,4914.28857421875,279.0,4914.28857421875,279.0,4914.28857421875,279.0
1731474150.7397027,4964.88037109375,280.0,4964.88037109375,280.0,4964.88037109375,280.0
1731474150.7896504,5015.13330078125,281.0,5015.13330078125,281.0,5015.13330078125,281.0
1731474150.839731,5066.08447265625,282.0,5066.08447265625,282.0,5066.08447265625,282.0
1731474150.8894904,5116.951171875,283.0,5116.951171875,283.0,5116.951171875,283.0
1731474150.9395454,5168.6435546875,284.0,5168.6435546875,284.0,5168.6435546875,284.0
1731474150.9894862,5220.400390625,285.0,5220.400390625,285.0,5220.400390625,285.0
1731474151.0393903,5272.86962890625,286.0,5272.86962890625,286.0,5272.86962890625,286.0
1731474151.089344,5325.0361328125,287.0,5325.0361328125,287.0,5325.0361328125,287.0
1731474151.1394033,5378.57373046875,288.0,5378.57373046875,288.0,5378.57373046875,288.0
1731474151.1892505,5431.3544921875,289.0,5431.3544921875,289.0,5431.3544921875,289.0
1731474151.2393665,5485.29833984375,290.0,5485.29833984375,290.0,5485.29833984375,290.0
1731474151.2891529,5539.00732421875,291.0,5539.00732421875,291.0,5539.00732421875,291.0
1731474151.339152,5593.5146484375,292.0,5593.5146484375,292.0,5593.5146484375,292.0
1731474151.38902,5647.96337890625,293.0,5647.96337890625,293.0,5647.96337890625,293.0
1731474151.4390323,5703.37255859375,294.0,5703.37255859375,294.0,5703.37255859375,294.0
1731474151.4888942,5758.720703125,295.0,5758.720703125,295.0,5758.720703125,295.0
1731474151.5399947,5815.833984375,296.0,5815.833984375,296.0,5815.833984375,296.0
1731474151.589838,5871.791015625,297.0,5871.791015625,297.0,5871.791015625,297.0
1731474151.6397727,5928.44970703125,298.0,5928.44970703125,298.0,5928.44970703125,298.0
1731474151.6898038,5985.46337890625,299.0,5985.46337890625,299.0,5985.46337890625,299.0
1731474151.7628806,6068.9853515625,300.0,6068.9853515625,300.0,6068.9853515625,300.0
1731474151.839626,6157.63671875,301.0,6157.63671875,301.0,6157.63671875,301.0
1731474151.8895721,6215.97119140625,302.0,6215.97119140625,302.0,6215.97119140625,302.0
1731474151.939552,6274.86376953125,303.0,6274.86376953125,303.0,6274.86376953125,303.0
1731474151.989412,6333.71826171875,304.0,6333.71826171875,304.0,6333.71826171875,304.0
1731474152.039409,6393.45703125,305.0,6393.45703125,305.0,6393.45703125,305.0
1731474152.0893848,6453.548828125,306.0,6453.548828125,306.0,6453.548828125,306.0
1731474152.139399,6514.03271484375,307.0,6514.03271484375,307.0,6514.03271484375,307.0
1731474152.1892323,6574.5361328125,308.0,6574.5361328125,308.0,6574.5361328125,308.0
1731474152.2392316,6635.7734375,309.0,6635.7734375,309.0,6635.7734375,309.0
1731474152.2891235,6696.97802734375,310.0,6696.97802734375,310.0,6696.97802734375,310.0
1731474152.3392637,6759.1669921875,311.0,6759.1669921875,311.0,6759.1669921875,311.0
1731474152.389072,6821.2080078125,312.0,6821.2080078125,312.0,6821.2080078125,312.0
1731474152.4390504,6884.02783203125,313.0,6884.02783203125,313.0,6884.02783203125,313.0
1731474152.4890246,6946.95166015625,314.0,6946.95166015625,314.0,6946.95166015625,314.0
1731474152.539969,7011.77783203125,315.0,7011.77783203125,315.0,7011.77783203125,315.0
1731474152.5898287,7075.470703125,316.0,7075.470703125,316.0,7075.470703125,316.0
1731474152.6398501,7139.998046875,317.0,7139.998046875,317.0,7139.998046875,317.0
1731474152.6896672,7204.048828125,318.0,7204.048828125,318.0,7204.048828125,318.0
1731474152.7397246,7269.4375,319.0,7269.4375,319.0,7269.4375,319.0
1731474152.7897217,7334.71435546875,320.0,7334.71435546875,320.0,7334.71435546875,320.0
1731474152.8396256,7400.748046875,321.0,7400.748046875,321.0,7400.748046875,321.0
1731474152.889567,7466.91552734375,322.0,7466.91552734375,322.0,7466.91552734375,322.0
1731474152.939633,7533.6923828125,323.0,7533.6923828125,323.0,7533.6923828125,323.0
1731474152.9894435,7600.07568359375,324.0,7600.07568359375,324.0,7600.07568359375,324.0
1731474153.0395005,7668.15625,325.0,7668.15625,325.0,7668.15625,325.0
1731474153.0893981,7735.65771484375,326.0,7735.65771484375,326.0,7735.65771484375,326.0
1731474153.13939,7804.44384765625,327.0,7804.44384765625,327.0,7804.44384765625,327.0
1731474153.1893013,7872.65234375,328.0,7872.65234375,328.0,7872.65234375,328.0
1731474153.2392278,7941.68115234375,329.0,7941.68115234375,329.0,7941.68115234375,329.0
1731474153.2890863,8010.62353515625,330.0,8010.62353515625,330.0,8010.62353515625,330.0
1731474153.3391986,8080.810546875,331.0,8080.810546875,331.0,8080.810546875,331.0
1731474153.3890479,8151.02099609375,332.0,8151.02099609375,332.0,8151.02099609375,332.0
1731474153.4390175,8221.9638671875,333.0,8221.9638671875,333.0,8221.9638671875,333.0
1731474153.4889638,8293.0126953125,334.0,8293.0126953125,334.0,8293.0126953125,334.0
1731474153.5389593,8364.4716796875,335.0,8364.4716796875,335.0,8364.4716796875,335.0
1731474153.5898702,8437.6591796875,336.0,8437.6591796875,336.0,8437.6591796875,336.0
1731474153.6398945,8510.4453125,337.0,8510.4453125,337.0,8510.4453125,337.0
1731474153.6898081,8582.9375,338.0,8582.9375,338.0,8582.9375,338.0
1731474153.7397523,8656.0703125,339.0,8656.0703125,339.0,8656.0703125,339.0
1731474153.789613,8729.5576171875,340.0,8729.5576171875,340.0,8729.5576171875,340.0
1731474153.8396065,8803.787109375,341.0,8803.787109375,341.0,8803.787109375,341.0
1731474153.88953,8878.3681640625,342.0,8878.3681640625,342.0,8878.3681640625,342.0
1731474153.9395475,8953.4921875,343.0,8953.4921875,343.0,8953.4921875,343.0
1731474153.9894257,9028.384765625,344.0,9028.384765625,344.0,9028.384765625,344.0
1731474154.0394197,9104.2060546875,345.0,9104.2060546875,345.0,9104.2060546875,345.0
1731474154.089314,9180.16015625,346.0,9180.16015625,346.0,9180.16015625,346.0
1731474154.1392968,9256.9755859375,347.0,9256.9755859375,347.0,9256.9755859375,347.0
1731474154.1892097,9333.931640625,348.0,9333.931640625,348.0,9333.931640625,348.0
1731474154.2391903,9411.5849609375,349.0,9411.5849609375,349.0,9411.5849609375,349.0
1731474154.2891269,9489.4267578125,350.0,9489.4267578125,350.0,9489.4267578125,350.0
1731474154.3391964,9567.9482421875,351.0,9567.9482421875,351.0,9567.9482421875,351.0
1731474154.389024,9646.67578125,352.0,9646.67578125,352.0,9646.67578125,352.0
1731474154.438984,9725.6650390625,353.0,9725.6650390625,353.0,9725.6650390625,353.0
1731474154.4890203,9805.642578125,354.0,9805.642578125,354.0,9805.642578125,354.0
1731474154.8706543,10422.630859375,355.0,10422.630859375,355.0,10422.630859375,355.0
1731474154.9205117,10506.8251953125,356.0,10506.8251953125,356.0,10506.8251953125,356.0
1731474154.9705315,10589.8408203125,357.0,10589.8408203125,357.0,10589.8408203125,357.0
1731474155.020408,10674.98046875,358.0,10674.98046875,358.0,10674.98046875,358.0
1731474155.0704117,10759.0830078125,359.0,10759.0830078125,359.0,10759.0830078125,359.0
1731474155.1203022,10845.5546875,360.0,10845.5546875,360.0,10845.5546875,360.0
1731474155.1704328,10930.2509765625,361.0,10930.2509765625,361.0,10930.2509765625,361.0
1731474155.2202253,11018.8310546875,362.0,11018.8310546875,362.0,11018.8310546875,362.0
1731474155.2702136,11102.6943359375,363.0,11102.6943359375,363.0,11102.6943359375,363.0
1731474155.320184,11193.4013671875,364.0,11193.4013671875,364.0,11193.4013671875,364.0
1731474155.3702235,11277.404296875,365.0,11277.404296875,365.0,11277.404296875,365.0
1731474155.4200754,11365.2783203125,366.0,11365.2783203125,366.0,11365.2783203125,366.0
1731474155.469965,11453.5712890625,367.0,11453.5712890625,367.0,11453.5712890625,367.0
1731474155.5198517,11542.2294921875,368.0,11542.2294921875,368.0,11542.2294921875,368.0
1731474155.5699394,11632.0244140625,369.0,11632.0244140625,369.0,11632.0244140625,369.0
1731474155.6198208,11724.7822265625,370.0,11724.7822265625,370.0,11724.7822265625,370.0
1731474155.6698928,11812.34765625,371.0,11812.34765625,371.0,11812.34765625,371.0
1731474155.7207956,11905.5380859375,372.0,11905.5380859375,372.0,11905.5380859375,372.0
1731474155.770732,11995.8603515625,373.0,11995.8603515625,373.0,11995.8603515625,373.0
1731474155.8206358,12088.6865234375,374.0,12088.6865234375,374.0,12088.6865234375,374.0
1731474155.8706558,12179.8359375,375.0,12179.8359375,375.0,12179.8359375,375.0
1731474155.9206085,12272.37109375,376.0,12272.37109375,376.0,12272.37109375,376.0
1731474155.970523,12365.2109375,377.0,12365.2109375,377.0,12365.2109375,377.0
1731474156.0204434,12458.7568359375,378.0,12458.7568359375,378.0,12458.7568359375,378.0
1731474156.0704284,12552.78125,379.0,12552.78125,379.0,12552.78125,379.0
1731474156.1203353,12647.216796875,380.0,12647.216796875,380.0,12647.216796875,380.0
1731474156.170457,12742.5810546875,381.0,12742.5810546875,381.0,12742.5810546875,381.0
1731474156.220292,12837.7900390625,382.0,12837.7900390625,382.0,12837.7900390625,382.0
1731474156.270222,12933.7177734375,383.0,12933.7177734375,383.0,12933.7177734375,383.0
1731474156.320121,13031.0244140625,384.0,13031.0244140625,384.0,13031.0244140625,384.0
1731474156.370157,13126.958984375,385.0,13126.958984375,385.0,13126.958984375,385.0
1731474156.419992,13224.02734375,386.0,13224.02734375,386.0,13224.02734375,386.0
1731474156.4700122,13322.150390625,387.0,13322.150390625,387.0,13322.150390625,387.0
1731474156.5199811,13420.3642578125,388.0,13420.3642578125,388.0,13420.3642578125,388.0
1731474156.5699735,13519.4052734375,389.0,13519.4052734375,389.0,13519.4052734375,389.0
1731474156.6198468,13618.43359375,390.0,13618.43359375,390.0,13618.43359375,390.0
1731474156.6698449,13718.4580078125,391.0,13718.4580078125,391.0,13718.4580078125,391.0
1731474156.7197773,13818.357421875,392.0,13818.357421875,392.0,13818.357421875,392.0
1731474156.7707493,13921.244140625,393.0,13921.244140625,393.0,13921.244140625,393.0
1731474156.8206139,14024.18359375,394.0,14024.18359375,394.0,14024.18359375,394.0
1731474156.870688,14124.5390625,395.0,14124.5390625,395.0,14124.5390625,395.0
1731474156.9205627,14226.9658203125,396.0,14226.9658203125,396.0,14226.9658203125,396.0
1731474156.9705002,14329.234375,397.0,14329.234375,397.0,14329.234375,397.0
1731474157.0204966,14433.6044921875,398.0,14433.6044921875,398.0,14433.6044921875,398.0
1731474157.0704823,14536.119140625,399.0,14536.119140625,399.0,14536.119140625,399.0
1731474157.1203732,14640.4970703125,400.0,14640.4970703125,400.0,14640.4970703125,400.0
1731474157.1703653,14744.970703125,401.0,14744.970703125,401.0,14744.970703125,401.0
1731474157.2202988,14850.01953125,402.0,14850.01953125,402.0,14850.01953125,402.0
1731474157.2702527,14955.63671875,403.0,14955.63671875,403.0,14955.63671875,403.0
1731474157.3201697,15061.8583984375,404.0,15061.8583984375,404.0,15061.8583984375,404.0
1731474157.370167,15168.779296875,405.0,15168.779296875,405.0,15168.779296875,405.0
1731474157.4200604,15275.728515625,406.0,15275.728515625,406.0,15275.728515625,406.0
1731474157.4700716,15383.6064453125,407.0,15383.6064453125,407.0,15383.6064453125,407.0
1731474157.5199513,15494.5654296875,408.0,15494.5654296875,408.0,15494.5654296875,408.0
1731474157.570007,15600.7890625,409.0,15600.7890625,409.0,15600.7890625,409.0
1731474157.6199002,15711.56640625,410.0,15711.56640625,410.0,15711.56640625,410.0
1731474157.6698487,15819.607421875,411.0,15819.607421875,411.0,15819.607421875,411.0
1731474157.7197323,15929.8544921875,412.0,15929.8544921875,412.0,15929.8544921875,412.0
1731474157.7697887,16040.7890625,413.0,16040.7890625,413.0,16040.7890625,413.0
1731474157.8206913,16157.734375,414.0,16157.734375,414.0,16157.734375,414.0
1731474157.8705866,16265.6171875,415.0,16265.6171875,415.0,16265.6171875,415.0
1731474157.9205194,16380.1875,416.0,16380.1875,416.0,16380.1875,416.0
1731474157.970504,16490.9140625,417.0,16490.9140625,417.0,16490.9140625,417.0
1731474158.0204077,16606.02734375,418.0,16606.02734375,418.0,16606.02734375,418.0
1731474158.070431,16718.275390625,419.0,16718.275390625,419.0,16718.275390625,419.0
1731474158.1203873,16835.673828125,420.0,16835.673828125,420.0,16835.673828125,420.0
1731474158.170318,16947.74609375,421.0,16947.74609375,421.0,16947.74609375,421.0
1731474158.2202368,17065.810546875,422.0,17065.810546875,422.0,17065.810546875,422.0
1731474158.2701979,17178.810546875,423.0,17178.810546875,423.0,17178.810546875,423.0
1731474158.3202002,17298.869140625,424.0,17298.869140625,424.0,17298.869140625,424.0
1731474158.3702445,17412.95703125,425.0,17412.95703125,425.0,17412.95703125,425.0
1731474158.4200966,17530.271484375,426.0,17530.271484375,426.0,17530.271484375,426.0
1731474158.4701083,17648.470703125,427.0,17648.470703125,427.0,17648.470703125,427.0
1731474158.5199509,17766.87890625,428.0,17766.87890625,428.0,17766.87890625,428.0
1731474158.5699735,17886.408203125,429.0,17886.408203125,429.0,17886.408203125,429.0
1731474158.6198955,18006.501953125,430.0,18006.501953125,430.0,18006.501953125,430.0
1731474158.6698563,18126.666015625,431.0,18126.666015625,431.0,18126.666015625,431.0
1731474158.719787,18247.294921875,432.0,18247.294921875,432.0,18247.294921875,432.0
1731474158.769825,18368.591796875,433.0,18368.591796875,433.0,18368.591796875,433.0
1731474158.8206687,18492.548828125,434.0,18492.548828125,434.0,18492.548828125,434.0
1731474158.8708599,18616.322265625,435.0,18616.322265625,435.0,18616.322265625,435.0
1731474158.9206185,18738.162109375,436.0,18738.162109375,436.0,18738.162109375,436.0
1731474158.970634,18861.640625,437.0,18861.640625,437.0,18861.640625,437.0
1731474159.0204418,18985.4140625,438.0,18985.4140625,438.0,18985.4140625,438.0
1731474159.0705018,19110.169921875,439.0,19110.169921875,439.0,19110.169921875,439.0
1731474159.1203768,19235.265625,440.0,19235.265625,440.0,19235.265625,440.0
1731474159.170345,19361.3828125,441.0,19361.3828125,441.0,19361.3828125,441.0
1731474159.2203305,19487.4609375,442.0,19487.4609375,442.0,19487.4609375,442.0
1731474159.2702694,19614.1328125,443.0,19614.1328125,443.0,19614.1328125,443.0
1731474159.3201983,19741.3359375,444.0,19741.3359375,444.0,19741.3359375,444.0
1731474159.3701587,19869.33984375,445.0,19869.33984375,445.0,19869.33984375,445.0
1731474159.4200087,19999.84375,446.0,19999.84375,446.0,19999.84375,446.0
1731474159.4701254,20127.5546875,447.0,20127.5546875,447.0,20127.5546875,447.0
1731474159.5200732,20256.759765625,448.0,20256.759765625,448.0,20256.759765625,448.0
1731474159.5699933,20386.521484375,449.0,20386.521484375,449.0,20386.521484375,449.0
1731474159.6201284,20517.912109375,450.0,20517.912109375,450.0,20517.912109375,450.0
1731474159.6698892,20648.4765625,451.0,20648.4765625,451.0,20648.4765625,451.0
1731474159.7198591,20781.076171875,452.0,20781.076171875,452.0,20781.076171875,452.0
1731474159.7697053,20912.0234375,453.0,20912.0234375,453.0,20912.0234375,453.0
1731474159.8196115,21047.556640625,454.0,21047.556640625,454.0,21047.556640625,454.0
1731474159.870672,21181.33984375,455.0,21181.33984375,455.0,21181.33984375,455.0
1731474159.9206076,21315.416015625,456.0,21315.416015625,456.0,21315.416015625,456.0
1731474159.9705005,21449.814453125,457.0,21449.814453125,457.0,21449.814453125,457.0
1731474160.0204332,21597.037109375,458.0,21597.037109375,458.0,21597.037109375,458.0
1731474160.0705328,21721.037109375,459.0,21721.037109375,459.0,21721.037109375,459.0
1731474160.120394,21857.28515625,460.0,21857.28515625,460.0,21857.28515625,460.0
1731474160.1703773,21994.3828125,461.0,21994.3828125,461.0,21994.3828125,461.0
1731474160.220353,22132.2421875,462.0,22132.2421875,462.0,22132.2421875,462.0
1731474160.2703774,22270.498046875,463.0,22270.498046875,463.0,22270.498046875,463.0
1731474160.3201654,22408.294921875,464.0,22408.294921875,464.0,22408.294921875,464.0
1731474160.370143,22547.546875,465.0,22547.546875,465.0,22547.546875,465.0
1731474160.4202018,22687.84765625,466.0,22687.84765625,466.0,22687.84765625,466.0
1731474160.4702244,22829.650390625,467.0,22829.650390625,467.0,22829.650390625,467.0
1731474160.5200076,22969.4140625,468.0,22969.4140625,468.0,22969.4140625,468.0
1731474160.570008,23110.708984375,469.0,23110.708984375,469.0,23110.708984375,469.0
1731474160.6198819,23252.783203125,470.0,23252.783203125,470.0,23252.783203125,470.0
1731474160.6699362,23395.8828125,471.0,23395.8828125,471.0,23395.8828125,471.0
1731474160.7198498,23539.736328125,472.0,23539.736328125,472.0,23539.736328125,472.0
1731474160.7696915,23682.119140625,473.0,23682.119140625,473.0,23682.119140625,473.0
1731474160.8196826,23826.724609375,474.0,23826.724609375,474.0,23826.724609375,474.0
1731474160.8696597,23971.978515625,475.0,23971.978515625,475.0,23971.978515625,475.0
1731474160.9207711,24122.13671875,476.0,24122.13671875,476.0,24122.13671875,476.0
1731474160.9705622,24266.99609375,477.0,24266.99609375,477.0,24266.99609375,477.0
1731474161.02048,24414.5,478.0,24414.5,478.0,24414.5,478.0
1731474161.070523,24561.490234375,479.0,24561.490234375,479.0,24561.490234375,479.0
1731474161.1204453,24710.1328125,480.0,24710.1328125,480.0,24710.1328125,480.0
1731474161.1704516,24858.349609375,481.0,24858.349609375,481.0,24858.349609375,481.0
1731474161.2202854,25007.701171875,482.0,25007.701171875,482.0,25007.701171875,482.0
1731474161.2703397,25157.23828125,483.0,25157.23828125,483.0,25157.23828125,483.0
1731474161.3202085,25308.2109375,484.0,25308.2109375,484.0,25308.2109375,484.0
1731474161.370244,25459.001953125,485.0,25459.001953125,485.0,25459.001953125,485.0
1731474161.4202275,25611.6015625,486.0,25611.6015625,486.0,25611.6015625,486.0
1731474161.470167,25762.974609375,487.0,25762.974609375,487.0,25762.974609375,487.0
1731474161.5199888,25915.748046875,488.0,25915.748046875,488.0,25915.748046875,488.0
1731474161.570011,26069.205078125,489.0,26069.205078125,489.0,26069.205078125,489.0
1731474161.6198852,26223.4453125,490.0,26223.4453125,490.0,26223.4453125,490.0
1731474161.6698837,26378.0078125,491.0,26378.0078125,491.0,26378.0078125,491.0
1731474161.7198694,26533.373046875,492.0,26533.373046875,492.0,26533.373046875,492.0
1731474161.769799,26689.154296875,493.0,26689.154296875,493.0,26689.154296875,493.0
1731474161.8197489,26845.802734375,494.0,26845.802734375,494.0,26845.802734375,494.0
1731474161.8706505,27006.037109375,495.0,27006.037109375,495.0,27006.037109375,495.0
1731474161.9206002,27163.87109375,496.0,27163.87109375,496.0,27163.87109375,496.0
1731474161.9705899,27322.318359375,497.0,27322.318359375,497.0,27322.318359375,497.0
1731474162.0203743,27479.78125,498.0,27479.78125,498.0,27479.78125,498.0
1731474162.0706327,27641.296875,499.0,27641.296875,499.0,27641.296875,499.0
1731474162.1203902,27801.953125,500.0,27801.953125,500.0,27801.953125,500.0
1731474162.1703827,27961.4765625,501.0,27961.4765625,501.0,27961.4765625,501.0
1731474162.2203078,28123.693359375,502.0,28123.693359375,502.0,28123.693359375,502.0
1731474162.2702415,28285.375,503.0,28285.375,503.0,28285.375,503.0
1731474162.320172,28448.021484375,504.0,28448.021484375,504.0,28448.021484375,504.0
1731474162.370213,28611.806640625,505.0,28611.806640625,505.0,28611.806640625,505.0
1731474162.4201007,28776.04296875,506.0,28776.04296875,506.0,28776.04296875,506.0
1731474162.47022,28940.869140625,507.0,28940.869140625,507.0,28940.869140625,507.0
1731474162.5199964,29105.90625,508.0,29105.90625,508.0,29105.90625,508.0
1731474162.5699408,29271.400390625,509.0,29271.400390625,509.0,29271.400390625,509.0
1731474162.6199024,29438.53515625,510.0,29438.53515625,510.0,29438.53515625,510.0
1731474162.669962,29606.212890625,511.0,29606.212890625,511.0,29606.212890625,511.0
1731474162.7198188,29773.638671875,512.0,29773.638671875,512.0,29773.638671875,512.0
1731474162.7698064,29941.875,513.0,29941.875,513.0,29941.875,513.0
1731474162.8197534,30111.1328125,514.0,30111.1328125,514.0,30111.1328125,514.0
1731474162.8696876,30280.552734375,515.0,30280.552734375,515.0,30280.552734375,515.0
1731474162.9196005,30451.09765625,516.0,30451.09765625,516.0,30451.09765625,516.0
1731474162.970591,30626.54296875,517.0,30626.54296875,517.0,30626.54296875,517.0
1731474163.0204976,30797.556640625,518.0,30797.556640625,518.0,30797.556640625,518.0
1731474163.070438,30969.166015625,519.0,30969.166015625,519.0,30969.166015625,519.0
1731474163.1203568,31142.19921875,520.0,31142.19921875,520.0,31142.19921875,520.0
1731474163.1703653,31315.744140625,521.0,31315.744140625,521.0,31315.744140625,521.0
1731474163.2202575,31489.71484375,522.0,31489.71484375,522.0,31489.71484375,522.0
1731474163.2702463,31665.208984375,523.0,31665.208984375,523.0,31665.208984375,523.0
1731474163.3201778,31841.08984375,524.0,31841.08984375,524.0,31841.08984375,524.0
1731474163.3702471,32017.03125,525.0,32017.03125,525.0,32017.03125,525.0
1731474163.4201424,32194.24609375,526.0,32194.24609375,526.0,32194.24609375,526.0
1731474163.470025,32371.322265625,527.0,32371.322265625,527.0,32371.322265625,527.0
1731474163.5200374,32549.6484375,528.0,32549.6484375,528.0,32549.6484375,528.0
1731474163.569949,32728.244140625,529.0,32728.244140625,529.0,32728.244140625,529.0
1731474163.6199312,32908.21484375,530.0,32908.21484375,530.0,32908.21484375,530.0
1731474163.6698508,33087.83203125,531.0,33087.83203125,531.0,33087.83203125,531.0
1731474163.719805,33269.01171875,532.0,33269.01171875,532.0,33269.01171875,532.0
1731474163.7697442,33450.265625,533.0,33450.265625,533.0,33450.265625,533.0
1731474163.8196783,33632.3515625,534.0,33632.3515625,534.0,33632.3515625,534.0
1731474163.8696399,33815.86328125,535.0,33815.86328125,535.0,33815.86328125,535.0
1731474163.9195507,33998.84765625,536.0,33998.84765625,536.0,33998.84765625,536.0
1731474163.9695463,34182.90234375,537.0,34182.90234375,537.0,34182.90234375,537.0
1731474164.0205133,34372.19921875,538.0,34372.19921875,538.0,34372.19921875,538.0
1731474164.070491,34557.171875,539.0,34557.171875,539.0,34557.171875,539.0
1731474164.1204576,34744.0546875,540.0,34744.0546875,540.0,34744.0546875,540.0
1731474164.1704335,34930.19140625,541.0,34930.19140625,541.0,34930.19140625,541.0
1731474164.2203336,35118.078125,542.0,35118.078125,542.0,35118.078125,542.0
1731474164.270315,35305.94140625,543.0,35305.94140625,543.0,35305.94140625,543.0
1731474164.3202639,35495.36328125,544.0,35495.36328125,544.0,35495.36328125,544.0
1731474164.3701947,35684.18359375,545.0,35684.18359375,545.0,35684.18359375,545.0
1731474164.4201214,35875.59765625,546.0,35875.59765625,546.0,35875.59765625,546.0
1731474164.4701505,36066.0234375,547.0,36066.0234375,547.0,36066.0234375,547.0
1731474164.520042,36257.39453125,548.0,36257.39453125,548.0,36257.39453125,548.0
1731474164.5699935,36449.578125,549.0,36449.578125,549.0,36449.578125,549.0
1731474164.6199439,36642.703125,550.0,36642.703125,550.0,36642.703125,550.0
1731474164.6699345,36836.5703125,551.0,36836.5703125,551.0,36836.5703125,551.0
1731474164.719879,37030.7265625,552.0,37030.7265625,552.0,37030.7265625,552.0
1731474164.7698503,37226.21875,553.0,37226.21875,553.0,37226.21875,553.0
1731474164.8198128,37421.76171875,554.0,37421.76171875,554.0,37421.76171875,554.0
1731474164.869673,37618.015625,555.0,37618.015625,555.0,37618.015625,555.0
1731474164.9197352,37815.8828125,556.0,37815.8828125,556.0,37815.8828125,556.0
1731474164.9696233,38013.08203125,557.0,38013.08203125,557.0,38013.08203125,557.0
1731474165.0195842,38212.28125,558.0,38212.28125,558.0,38212.28125,558.0
1731474165.0705101,38414.47265625,559.0,38414.47265625,559.0,38414.47265625,559.0
1731474165.1204085,38614.61328125,560.0,38614.61328125,560.0,38614.61328125,560.0
1731474165.1703877,38816.125,561.0,38816.125,561.0,38816.125,561.0
1731474165.220306,39016.22265625,562.0,39016.22265625,562.0,39016.22265625,562.0
1731474165.2703137,39218.3125,563.0,39218.3125,563.0,39218.3125,563.0
1731474165.3203123,39421.234375,564.0,39421.234375,564.0,39421.234375,564.0
1731474165.37022,39624.87109375,565.0,39624.87109375,565.0,39624.87109375,565.0
1731474165.4201612,39828.63671875,566.0,39828.63671875,566.0,39828.63671875,566.0
1731474165.4701998,40033.8046875,567.0,40033.8046875,567.0,40033.8046875,567.0
1731474165.520094,40240.00390625,568.0,40240.00390625,568.0,40240.00390625,568.0
1731474165.5700138,40445.9609375,569.0,40445.9609375,569.0,40445.9609375,569.0
1731474165.6199641,40652.703125,570.0,40652.703125,570.0,40652.703125,570.0
1731474165.6699429,40859.7421875,571.0,40859.7421875,571.0,40859.7421875,571.0
1731474165.7198658,41068.55859375,572.0,41068.55859375,572.0,41068.55859375,572.0
1731474165.7698388,41277.2265625,573.0,41277.2265625,573.0,41277.2265625,573.0
1731474165.8198068,41488.05859375,574.0,41488.05859375,574.0,41488.05859375,574.0
1731474165.8697546,41697.59765625,575.0,41697.59765625,575.0,41697.59765625,575.0
1731474165.9196506,41909.01171875,576.0,41909.01171875,576.0,41909.01171875,576.0
1731474165.9696872,42120.96875,577.0,42120.96875,577.0,42120.96875,577.0
1731474166.0196366,42334.2734375,578.0,42334.2734375,578.0,42334.2734375,578.0
1731474166.069539,42549.23046875,579.0,42549.23046875,579.0,42549.23046875,579.0
1731474166.120549,42766.6328125,580.0,42766.6328125,580.0,42766.6328125,580.0
1731474166.1704626,42980.0390625,581.0,42980.0390625,581.0,42980.0390625,581.0
1731474166.2203753,43196.796875,582.0,43196.796875,582.0,43196.796875,582.0
1731474166.2703657,43412.19921875,583.0,43412.19921875,583.0,43412.19921875,583.0
1731474166.3203707,43630.8203125,584.0,43630.8203125,584.0,43630.8203125,584.0
1731474166.3701982,43846.2890625,585.0,43846.2890625,585.0,43846.2890625,585.0
1731474166.4201555,44065.0390625,586.0,44065.0390625,586.0,44065.0390625,586.0
1731474166.4702005,44284.65625,587.0,44284.65625,587.0,44284.65625,587.0
1731474166.520082,44504.4296875,588.0,44504.4296875,588.0,44504.4296875,588.0
1731474166.5699782,44724.49609375,589.0,44724.49609375,589.0,44724.49609375,589.0
1731474166.619982,44946.32421875,590.0,44946.32421875,590.0,44946.32421875,590.0
1731474166.6698933,45168.28515625,591.0,45168.28515625,591.0,45168.28515625,591.0
1731474166.7198677,45391.1875,592.0,45391.1875,592.0,45391.1875,592.0
1731474166.7698317,45614.953125,593.0,45614.953125,593.0,45614.953125,593.0
1731474166.819787,45839.06640625,594.0,45839.06640625,594.0,45839.06640625,594.0
1731474166.869679,46063.81640625,595.0,46063.81640625,595.0,46063.81640625,595.0
1731474166.9196308,46289.7578125,596.0,46289.7578125,596.0,46289.7578125,596.0
1731474166.9695954,46515.984375,597.0,46515.984375,597.0,46515.984375,597.0
1731474167.0195537,46743.828125,598.0,46743.828125,598.0,46743.828125,598.0
1731474167.0694854,46971.37109375,599.0,46971.37109375,599.0,46971.37109375,599.0
1731474167.1204903,47205.91796875,600.0,47205.91796875,600.0,47205.91796875,600.0
1731474167.1704047,47435.4453125,601.0,47435.4453125,601.0,47435.4453125,601.0
1731474167.220449,47665.93359375,602.0,47665.93359375,602.0,47665.93359375,602.0
1731474167.2703028,47896.46484375,603.0,47896.46484375,603.0,47896.46484375,603.0
1731474167.3202782,48128.4453125,604.0,48128.4453125,604.0,48128.4453125,604.0
1731474167.3702247,48361.4765625,605.0,48361.4765625,605.0,48361.4765625,605.0
1731474167.4201815,48594.5,606.0,48594.5,606.0,48594.5,606.0
1731474167.4701643,48828.66796875,607.0,48828.66796875,607.0,48828.66796875,607.0
1731474167.5200758,49063.19140625,608.0,49063.19140625,608.0,49063.19140625,608.0
1731474167.570104,49299.18359375,609.0,49299.18359375,609.0,49299.18359375,609.0
1731474167.6199863,49535.69140625,610.0,49535.69140625,610.0,49535.69140625,610.0
1731474167.6699455,49772.8671875,611.0,49772.8671875,611.0,49772.8671875,611.0
1731474167.719859,50010.18359375,612.0,50010.18359375,612.0,50010.18359375,612.0
1731474167.7698534,50248.9921875,613.0,50248.9921875,613.0,50248.9921875,613.0
1731474167.8198857,50488.89453125,614.0,50488.89453125,614.0,50488.89453125,614.0
1731474167.8697584,50728.63671875,615.0,50728.63671875,615.0,50728.63671875,615.0
1731474167.9197118,50969.6953125,616.0,50969.6953125,616.0,50969.6953125,616.0
1731474167.969659,51211.32421875,617.0,51211.32421875,617.0,51211.32421875,617.0
1731474168.0196166,51453.8125,618.0,51453.8125,618.0,51453.8125,618.0
1731474168.06953,51696.140625,619.0,51696.140625,619.0,51696.140625,619.0
1731474168.1195025,51940.9609375,620.0,51940.9609375,620.0,51940.9609375,620.0
1731474168.1705012,52190.921875,621.0,52190.921875,621.0,52190.921875,621.0
1731474168.2204661,52436.4375,622.0,52436.4375,622.0,52436.4375,622.0
1731474168.2703533,52681.9375,623.0,52681.9375,623.0,52681.9375,623.0
1731474168.320453,52930.375,624.0,52930.375,624.0,52930.375,624.0
1731474168.3703187,53178.08203125,625.0,53178.08203125,625.0,53178.08203125,625.0
1731474168.4203556,53427.1796875,626.0,53427.1796875,626.0,53427.1796875,626.0
1731474168.4702427,53676.3359375,627.0,53676.3359375,627.0,53676.3359375,627.0
1731474168.5202298,53927.7578125,628.0,53927.7578125,628.0,53927.7578125,628.0
1731474168.5700824,54177.36328125,629.0,54177.36328125,629.0,54177.36328125,629.0
1731474168.6200504,54430.80078125,630.0,54430.80078125,630.0,54430.80078125,630.0
1731474168.6699843,54681.99609375,631.0,54681.99609375,631.0,54681.99609375,631.0
1731474168.7199814,54935.578125,632.0,54935.578125,632.0,54935.578125,632.0
1731474168.769875,55189.30078125,633.0,55189.30078125,633.0,55189.30078125,633.0
1731474168.819899,55444.66796875,634.0,55444.66796875,634.0,55444.66796875,634.0
1731474168.869745,55699.390625,635.0,55699.390625,635.0,55699.390625,635.0
1731474168.9196699,55956.0078125,636.0,55956.0078125,636.0,55956.0078125,636.0
1731474168.9696105,56213.0078125,637.0,56213.0078125,637.0,56213.0078125,637.0
1731474169.0195947,56471.75390625,638.0,56471.75390625,638.0,56471.75390625,638.0
1731474169.0695426,56730.5078125,639.0,56730.5078125,639.0,56730.5078125,639.0
1731474169.1195629,56990.91796875,640.0,56990.91796875,640.0,56990.91796875,640.0
1731474169.1693566,57250.53125,641.0,57250.53125,641.0,57250.53125,641.0
1731474169.2205336,57518.0234375,642.0,57518.0234375,642.0,57518.0234375,642.0
1731474169.2704382,57780.26953125,643.0,57780.26953125,643.0,57780.26953125,643.0
1731474169.3202848,58042.2421875,644.0,58042.2421875,644.0,58042.2421875,644.0
1731474169.3702781,58306.36328125,645.0,58306.36328125,645.0,58306.36328125,645.0
1731474169.4202564,58571.2578125,646.0,58571.2578125,646.0,58571.2578125,646.0
1731474169.4702406,58836.9296875,647.0,58836.9296875,647.0,58836.9296875,647.0
1731474169.5202496,59103.97265625,648.0,59103.97265625,648.0,59103.97265625,648.0
1731474169.570042,59369.734375,649.0,59369.734375,649.0,59369.734375,649.0
1731474169.620104,59638.92578125,650.0,59638.92578125,650.0,59638.92578125,650.0
1731474169.6699798,59906.53125,651.0,59906.53125,651.0,59906.53125,651.0
1731474169.7200387,60176.79296875,652.0,60176.79296875,652.0,60176.79296875,652.0
1731474169.769812,60445.77734375,653.0,60445.77734375,653.0,60445.77734375,653.0
1731474169.8198006,60717.47265625,654.0,60717.47265625,654.0,60717.47265625,654.0
1731474169.8697455,60988.6171875,655.0,60988.6171875,655.0,60988.6171875,655.0
1731474169.9197433,61261.9765625,656.0,61261.9765625,656.0,61261.9765625,656.0
1731474169.969654,61534.87890625,657.0,61534.87890625,657.0,61534.87890625,657.0
1731474170.0196478,61809.39453125,658.0,61809.39453125,658.0,61809.39453125,658.0
1731474170.0695612,62083.90625,659.0,62083.90625,659.0,62083.90625,659.0
1731474170.1195238,62360.6171875,660.0,62360.6171875,660.0,62360.6171875,660.0
1731474170.501167,64489.08203125,661.0,64489.08203125,661.0,64489.08203125,661.0
1731474170.551062,64772.19140625,662.0,64772.19140625,662.0,64772.19140625,662.0
1731474170.6009803,65054.38671875,663.0,65054.38671875,663.0,65054.38671875,663.0
1731474170.651021,65340.54296875,664.0,65340.54296875,664.0,65340.54296875,664.0
1731474170.70092,65625.4453125,665.0,65625.4453125,665.0,65625.4453125,665.0
1731474170.7508857,65912.90625,666.0,65912.90625,666.0,65912.90625,666.0
1731474170.800842,66200.140625,667.0,66200.140625,667.0,66200.140625,667.0
1731474170.850841,66487.4609375,668.0,66487.4609375,668.0,66487.4609375,668.0
1731474170.9007235,66775.765625,669.0,66775.765625,669.0,66775.765625,669.0
1731474170.9507124,67066.1640625,670.0,67066.1640625,670.0,67066.1640625,670.0
1731474171.0006285,67356.1484375,671.0,67356.1484375,671.0,67356.1484375,671.0
1731474171.050641,67649.4453125,672.0,67649.4453125,672.0,67649.4453125,672.0
1731474171.1005151,67939.1640625,673.0,67939.1640625,673.0,67939.1640625,673.0
1731474171.150495,68232.625,674.0,68232.625,674.0,68232.625,674.0
1731474171.2004042,68526.4296875,675.0,68526.4296875,675.0,68526.4296875,675.0
1731474171.2504544,68821.9765625,676.0,68821.9765625,676.0,68821.9765625,676.0
1731474171.3013082,69122.140625,677.0,69122.140625,677.0,69122.140625,677.0
1731474171.351328,69419.359375,678.0,69419.359375,678.0,69419.359375,678.0
1731474171.4012053,69716.1171875,679.0,69716.1171875,679.0,69716.1171875,679.0
1731474171.4511728,70014.984375,680.0,70014.984375,680.0,70014.984375,680.0
1731474171.501115,70313.4609375,681.0,70313.4609375,681.0,70313.4609375,681.0
1731474171.5511136,70613.671875,682.0,70613.671875,682.0,70613.671875,682.0
1731474171.6010053,70913.421875,683.0,70913.421875,683.0,70913.421875,683.0
1731474171.6510303,71216.8671875,684.0,71216.8671875,684.0,71216.8671875,684.0
1731474171.7009454,71524.609375,685.0,71524.609375,685.0,71524.609375,685.0
1731474171.7509274,71821.234375,686.0,71821.234375,686.0,71821.234375,686.0
1731474171.8008492,72124.6796875,687.0,72124.6796875,687.0,72124.6796875,687.0
1731474171.8508618,72430.921875,688.0,72430.921875,688.0,72430.921875,688.0
1731474171.9007573,72736.3203125,689.0,72736.3203125,689.0,72736.3203125,689.0
1731474171.9506936,73042.9765625,690.0,73042.9765625,690.0,73042.9765625,690.0
1731474172.0006766,73350.3671875,691.0,73350.3671875,691.0,73350.3671875,691.0
1731474172.0506036,73658.1328125,692.0,73658.1328125,692.0,73658.1328125,692.0
1731474172.1005116,73967.40625,693.0,73967.40625,693.0,73967.40625,693.0
1731474172.1504858,74277.25,694.0,74277.25,694.0,74277.25,694.0
1731474172.2004585,74589.3203125,695.0,74589.3203125,695.0,74589.3203125,695.0
1731474172.250459,74902.2734375,696.0,74902.2734375,696.0,74902.2734375,696.0
1731474172.3013842,75219.96875,697.0,75219.96875,697.0,75219.96875,697.0
1731474172.351369,75534.46875,698.0,75534.46875,698.0,75534.46875,698.0
1731474172.401268,75847.890625,699.0,75847.890625,699.0,75847.890625,699.0
1731474172.4513953,76164.453125,700.0,76164.453125,700.0,76164.453125,700.0
1731474172.5011845,76481.9921875,701.0,76481.9921875,701.0,76481.9921875,701.0
1731474172.5512621,76798.2421875,702.0,76798.2421875,702.0,76798.2421875,702.0
1731474172.6011057,77114.9921875,703.0,77114.9921875,703.0,77114.9921875,703.0
1731474172.6510568,77434.03125,704.0,77434.03125,704.0,77434.03125,704.0
1731474172.7009473,77753.25,705.0,77753.25,705.0,77753.25,705.0
1731474172.750927,78074.359375,706.0,78074.359375,706.0,78074.359375,706.0
1731474172.8008482,78395.3828125,707.0,78395.3828125,707.0,78395.3828125,707.0
1731474172.8508923,78718.8671875,708.0,78718.8671875,708.0,78718.8671875,708.0
1731474172.9008107,79041.6171875,709.0,79041.6171875,709.0,79041.6171875,709.0
1731474172.9507923,79365.9375,710.0,79365.9375,710.0,79365.9375,710.0
1731474173.000714,79690.4140625,711.0,79690.4140625,711.0,79690.4140625,711.0
1731474173.050638,80015.28125,712.0,80015.28125,712.0,80015.28125,712.0
1731474173.1005018,80343.765625,713.0,80343.765625,713.0,80343.765625,713.0
1731474173.1506681,80671.703125,714.0,80671.703125,714.0,80671.703125,714.0
1731474173.2004526,81000.9140625,715.0,81000.9140625,715.0,81000.9140625,715.0
1731474173.250501,81329.3046875,716.0,81329.3046875,716.0,81329.3046875,716.0
1731474173.3003907,81661.6328125,717.0,81661.6328125,717.0,81661.6328125,717.0
1731474173.3504434,81990.703125,718.0,81990.703125,718.0,81990.703125,718.0
1731474173.4012403,82327.828125,719.0,82327.828125,719.0,82327.828125,719.0
1731474173.4512477,82662.1875,720.0,82662.1875,720.0,82662.1875,720.0
1731474173.5012107,82995.609375,721.0,82995.609375,721.0,82995.609375,721.0
1731474173.551203,83331.1484375,722.0,83331.1484375,722.0,83331.1484375,722.0
1731474173.6010675,83675.40625,723.0,83675.40625,723.0,83675.40625,723.0
1731474173.6510518,84003.3984375,724.0,84003.3984375,724.0,84003.3984375,724.0
1731474173.7009594,84339.5546875,725.0,84339.5546875,725.0,84339.5546875,725.0
1731474173.7510405,84679.5234375,726.0,84679.5234375,726.0,84679.5234375,726.0
1731474173.800867,85020.796875,727.0,85020.796875,727.0,85020.796875,727.0
1731474173.8508976,85358.9921875,728.0,85358.9921875,728.0,85358.9921875,728.0
1731474173.9007802,85702.7578125,729.0,85702.7578125,729.0,85702.7578125,729.0
1731474173.9509592,86043.640625,730.0,86043.640625,730.0,86043.640625,730.0
1731474174.0006123,86383.171875,731.0,86383.171875,731.0,86383.171875,731.0
1731474174.0505881,86727.078125,732.0,86727.078125,732.0,86727.078125,732.0
1731474174.1005266,87072.1171875,733.0,87072.1171875,733.0,87072.1171875,733.0
1731474174.1505926,87422.171875,734.0,87422.171875,734.0,87422.171875,734.0
1731474174.200469,87765.0703125,735.0,87765.0703125,735.0,87765.0703125,735.0
1731474174.2504795,88113.828125,736.0,88113.828125,736.0,88113.828125,736.0
1731474174.3004224,88474.984375,737.0,88474.984375,737.0,88474.984375,737.0
1731474174.3504846,88811.8671875,738.0,88811.8671875,738.0,88811.8671875,738.0
1731474174.4001963,89160.0390625,739.0,89160.0390625,739.0,89160.0390625,739.0
1731474174.4511578,89517.7109375,740.0,89517.7109375,740.0,89517.7109375,740.0
1731474174.5011187,89871.0546875,741.0,89871.0546875,741.0,89871.0546875,741.0
1731474174.5512211,90225.03125,742.0,90225.03125,742.0,90225.03125,742.0
1731474174.60102,90577.4921875,743.0,90577.4921875,743.0,90577.4921875,743.0
1731474174.6509938,90936.9765625,744.0,90936.9765625,744.0,90936.9765625,744.0
1731474174.700985,91296.828125,745.0,91296.828125,745.0,91296.828125,745.0
1731474174.750962,91646.21875,746.0,91646.21875,746.0,91646.21875,746.0
1731474174.80096,92009.0390625,747.0,92009.0390625,747.0,92009.0390625,747.0
1731474174.8508987,92363.3046875,748.0,92363.3046875,748.0,92363.3046875,748.0
1731474174.9008243,92722.7890625,749.0,92722.7890625,749.0,92722.7890625,749.0
1731474174.9508212,93083.1875,750.0,93083.1875,750.0,93083.1875,750.0
1731474175.0006595,93453.3203125,751.0,93453.3203125,751.0,93453.3203125,751.0
1731474175.050742,93808.0546875,752.0,93808.0546875,752.0,93808.0546875,752.0
1731474175.1005836,94170.453125,753.0,94170.453125,753.0,94170.453125,753.0
1731474175.1506393,94535.1171875,754.0,94535.1171875,754.0,94535.1171875,754.0
1731474175.2005467,94898.765625,755.0,94898.765625,755.0,94898.765625,755.0
1731474175.2504516,95266.015625,756.0,95266.015625,756.0,95266.015625,756.0
1731474175.3004844,95763.4921875,757.0,95763.4921875,757.0,95763.4921875,757.0
1731474175.4003296,96381.75,758.0,96381.75,758.0,96381.75,758.0
1731474175.451341,96747.4609375,759.0,96747.4609375,759.0,96747.4609375,759.0
1731474175.5011187,97115.3671875,760.0,97115.3671875,760.0,97115.3671875,760.0
1731474175.551193,97488.0234375,761.0,97488.0234375,761.0,97488.0234375,761.0
1731474175.6011581,97862.6015625,762.0,97862.6015625,762.0,97862.6015625,762.0
1731474175.6510236,98234.984375,763.0,98234.984375,763.0,98234.984375,763.0
1731474175.7010112,98612.015625,764.0,98612.015625,764.0,98612.015625,764.0
1731474175.7509859,98986.2265625,765.0,98986.2265625,765.0,98986.2265625,765.0
1731474175.8008795,99371.734375,766.0,99371.734375,766.0,99371.734375,766.0
1731474175.8508518,99739.5625,767.0,99739.5625,767.0,99739.5625,767.0
1731474175.900828,100122.65625,768.0,100122.65625,768.0,100122.65625,768.0
1731474175.9507453,100497.5390625,769.0,100497.5390625,769.0,100497.5390625,769.0
1731474176.000648,100880.03125,770.0,100880.03125,770.0,100880.03125,770.0
1731474176.0506773,101259.4296875,771.0,101259.4296875,771.0,101259.4296875,771.0
1731474176.10059,101646.53125,772.0,101646.53125,772.0,101646.53125,772.0
1731474176.15058,102025.1484375,773.0,102025.1484375,773.0,102025.1484375,773.0
1731474176.2004855,102411.1328125,774.0,102411.1328125,774.0,102411.1328125,774.0
1731474176.2504969,102794.6953125,775.0,102794.6953125,775.0,102794.6953125,775.0
1731474176.3004034,103266.9453125,776.0,103266.9453125,776.0,103266.9453125,776.0
1731474176.4002957,103956.328125,777.0,103956.328125,777.0,103956.328125,777.0
1731474176.4502802,104343.6953125,778.0,104343.6953125,778.0,104343.6953125,778.0
1731474176.5011716,104747.859375,779.0,104747.859375,779.0,104747.859375,779.0
1731474176.551226,105133.1640625,780.0,105133.1640625,780.0,105133.1640625,780.0
1731474176.6010063,105523.7734375,781.0,105523.7734375,781.0,105523.7734375,781.0
1731474176.6511025,105918.5390625,782.0,105918.5390625,782.0,105918.5390625,782.0
