Timestamp,Sonar_distance_1,Confidence_1_dev,Confidence_1,Sonar_distance_2,Confidence_2_dev,Confidence_2,Sonar_distance_3,Confidence_3_dev,Confidence_3
1730865946.470272,905.0,100.0,0.0,3812.0,70.0,0.0,899.0,98.0,0.0
1730865946.6030917,905.0,100.0,0.0,3831.0,59.0,0.0,899.0,98.0,0.0
1730865946.6943886,905.0,100.0,0.0,3831.0,59.0,0.0,899.0,98.0,0.0
1730865946.7593668,893.0,100.0,0.0,3831.0,59.0,0.0,899.0,98.0,0.0
1730865946.929719,893.0,100.0,0.0,3854.0,47.0,0.0,888.0,100.0,0.0
1730865947.0211685,881.0,83.0,0.0,804.0,79.0,0.0,888.0,100.0,0.0
1730865947.1177683,881.0,83.0,0.0,804.0,79.0,0.0,887.0,100.0,0.0
1730865947.2397637,881.0,83.0,0.0,821.0,75.0,0.0,887.0,100.0,0.0
1730865947.331433,873.0,83.0,0.0,821.0,75.0,0.0,887.0,100.0,0.0
1730865947.3971334,873.0,83.0,0.0,821.0,75.0,0.0,884.0,100.0,0.0
1730865947.5710783,873.0,83.0,85.7778091430664,825.0,75.0,0.0,884.0,100.0,93.1111068725586
1730865947.7026186,864.0,83.0,80.3333511352539,825.0,75.0,0.14444059133529663,885.0,100.0,95.77775573730469
1730865947.8507357,864.0,83.0,84.88890838623047,843.0,74.0,35.344444274902344,885.0,100.0,97.33331298828125
1730865947.9375377,876.0,83.0,99.88890838623047,843.0,74.0,68.54444122314453,885.0,100.0,98.88887023925781
1730865948.0291789,876.0,83.0,98.0000228881836,843.0,74.0,98.0,885.0,100.0,99.22220611572266
1730865948.2084496,865.0,83.0,91.55555725097656,855.0,72.0,97.23332977294922,885.0,100.0,99.5555419921875
1730865948.3200388,865.0,83.0,93.33333587646484,855.0,72.0,97.79999542236328,885.0,100.0,99.77777099609375
1730865948.487838,854.0,83.0,84.11106872558594,867.0,73.0,96.97777557373047,885.0,100.0,99.99999237060547
1730865948.5775974,854.0,83.0,86.2221908569336,867.0,73.0,97.4888916015625,885.0,100.0,99.77777862548828
1730865948.6693006,862.0,83.0,96.33332061767578,867.0,73.0,98.0,885.0,100.0,99.8888931274414
1730865948.7789168,862.0,83.0,97.55554962158203,890.0,71.0,96.16666412353516,885.0,100.0,100.0
1730865948.872754,870.0,100.0,94.22221374511719,890.0,71.0,96.8888931274414,885.0,100.0,100.0
1730865948.946309,870.0,100.0,94.88887786865234,890.0,71.0,97.4111099243164,885.0,100.0,100.0
1730865949.1340065,870.0,100.0,94.22221374511719,902.0,72.0,96.73332977294922,901.0,96.0,83.99996948242188
1730865949.261683,870.0,100.0,93.5555419921875,902.0,72.0,97.38888549804688,901.0,96.0,85.77774810791016
1730865949.4047568,870.0,100.0,94.11109924316406,930.0,69.0,95.1111068725586,902.0,96.0,86.5555419921875
1730865949.4944823,858.0,100.0,93.33332061767578,930.0,69.0,95.94444274902344,902.0,96.0,88.4444351196289
1730865949.5910137,858.0,100.0,92.88887786865234,930.0,69.0,96.64443969726562,902.0,96.0,90.33332824707031
1730865949.7181687,868.0,100.0,97.55558013916016,937.0,70.0,96.64444732666016,902.0,96.0,92.22221374511719
1730865949.8088827,868.0,100.0,98.22224426269531,937.0,70.0,97.42222595214844,902.0,96.0,94.1111068725586
1730865949.8733606,868.0,100.0,98.88890838623047,937.0,70.0,97.94444274902344,887.0,100.0,89.00001525878906
1730865950.0411046,866.0,100.0,99.33334350585938,966.0,67.0,95.56666564941406,887.0,100.0,88.77778625488281
1730865950.1380556,866.0,100.0,99.77778625488281,966.0,67.0,96.4111099243164,888.0,100.0,89.55554962158203
1730865950.3264706,885.0,95.0,80.77777099609375,987.0,68.0,95.02222442626953,888.0,100.0,91.0
1730865950.4178452,885.0,95.0,82.4444351196289,987.0,68.0,95.96666717529297,888.0,100.0,92.44444274902344
1730865950.6860764,892.0,95.0,77.11107635498047,1004.0,69.0,94.9000015258789,887.0,100.0,93.00000762939453
1730865950.8139737,886.0,95.0,86.88890075683594,1004.0,69.0,95.72222900390625,887.0,100.0,94.66667938232422
1730865950.962062,886.0,95.0,90.00000762939453,1037.0,70.0,93.24444580078125,888.0,100.0,97.33332824707031
1730865951.0532222,925.0,91.0,52.999977111816406,1037.0,70.0,94.35556030273438,888.0,100.0,98.88888549804688
1730865951.1392787,925.0,91.0,59.33331298828125,1037.0,70.0,95.46666717529297,888.0,100.0,99.5555648803711
1730865951.2521024,925.0,91.0,65.6666488647461,1064.0,69.0,93.87777709960938,888.0,100.0,99.66667175292969
1730865951.3442042,927.0,91.0,70.22223663330078,1064.0,69.0,94.96665954589844,888.0,100.0,99.77777862548828
1730865951.414564,927.0,91.0,77.00000762939453,1064.0,69.0,96.05554962158203,888.0,100.0,99.77777862548828
1730865951.6038733,927.0,91.0,81.66667938232422,1104.0,66.0,92.9111099243164,888.0,100.0,99.77777862548828
1730865951.694386,910.0,96.0,96.66669464111328,1104.0,66.0,94.21111297607422,888.0,100.0,99.77777862548828
1730865951.8770983,910.0,96.0,94.66669464111328,1137.0,65.0,92.02222442626953,888.0,100.0,99.8888931274414
1730865951.967967,908.0,96.0,89.99999237060547,1137.0,65.0,93.5,888.0,100.0,100.0
1730865952.0594535,908.0,96.0,87.5555419921875,1137.0,65.0,94.61111450195312,888.0,100.0,100.0
1730865952.1876383,914.0,96.0,95.44441986083984,1151.0,66.0,94.32221984863281,888.0,100.0,100.0
1730865952.2792497,914.0,96.0,96.66664123535156,1151.0,66.0,95.58888244628906,888.0,100.0,100.0
1730865952.354687,901.0,96.0,84.888916015625,1151.0,66.0,96.55554962158203,887.0,100.0,99.00001525878906
1730865952.5187879,901.0,96.0,87.77780151367188,1200.0,63.0,92.6222152709961,887.0,100.0,99.11112213134766
1730865952.6138902,908.0,96.0,97.66665649414062,1200.0,63.0,94.13333129882812,888.0,100.0,99.77777862548828
1730865952.7034302,908.0,96.0,99.77777099609375,1200.0,63.0,95.19999694824219,888.0,100.0,99.77777862548828
1730865952.8086581,908.0,96.0,99.99999237060547,1232.0,64.0,93.06666564941406,888.0,100.0,99.77777862548828
1730865952.9036274,914.0,96.0,93.77780151367188,1232.0,64.0,94.12222290039062,890.0,100.0,97.7778091430664
1730865952.978685,914.0,96.0,94.44446563720703,1232.0,64.0,95.17778015136719,890.0,100.0,98.0000228881836
1730865953.1623914,914.0,96.0,95.11112976074219,1280.0,60.0,91.43334197998047,890.0,100.0,98.22224426269531
1730865953.2900355,909.0,96.0,99.88887786865234,1280.0,60.0,92.86666870117188,890.0,100.0,98.44446563720703
1730865953.4386091,909.0,96.0,99.5555648803711,1296.0,66.0,92.69999694824219,890.0,100.0,98.66668701171875
1730865953.5245125,924.0,96.0,85.44440460205078,1296.0,66.0,94.31111145019531,890.0,100.0,99.00001525878906
1730865953.6161273,924.0,96.0,87.99996185302734,1296.0,66.0,95.37777709960938,890.0,100.0,99.33334350585938
1730865953.7483997,933.0,96.0,80.77774047851562,1328.0,66.0,93.24444580078125,890.0,100.0,99.5555648803711
1730865953.839448,933.0,96.0,83.5555191040039,1328.0,66.0,94.66667175292969,890.0,100.0,99.77777862548828
1730865953.910006,935.0,96.0,84.33332824707031,1328.0,66.0,95.73333740234375,890.0,100.0,100.0
1730865954.0731187,935.0,96.0,86.66666412353516,1368.0,68.0,92.79999542236328,890.0,100.0,100.0
1730865954.164055,935.0,96.0,89.0,1368.0,68.0,94.31110382080078,890.0,100.0,100.0
1730865954.2597618,937.0,96.0,89.33336639404297,1368.0,68.0,95.28888702392578,890.0,100.0,100.0
1730865954.3700404,937.0,96.0,92.44447326660156,1405.0,70.0,92.56666564941406,890.0,100.0,100.0
1730865954.4605796,939.0,96.0,93.55554962158203,6695.0,83.0,0.0,890.0,100.0,100.0
1730865954.536716,939.0,96.0,95.22221374511719,6695.0,83.0,0.0,890.0,100.0,100.0
1730865954.7205062,939.0,96.0,96.88888549804688,6681.0,84.0,0.0,890.0,100.0,100.0
1730865954.8108735,950.0,96.0,86.55557250976562,6681.0,84.0,0.0,890.0,100.0,100.0
1730865954.8543541,950.0,96.0,88.44445037841797,6681.0,84.0,0.0,890.0,100.0,100.0
1730865955.03158,950.0,96.0,90.11112213134766,6666.0,84.0,0.0,890.0,100.0,100.0
1730865955.173613,960.0,96.0,81.77779388427734,6666.0,84.0,0.0,890.0,100.0,100.0
1730865955.357991,971.0,96.0,73.55553436279297,6650.0,85.0,0.0,890.0,100.0,100.0
1730865955.449135,971.0,96.0,77.33331298828125,6650.0,85.0,44.11111068725586,890.0,100.0,100.0
1730865955.5391107,967.0,100.0,85.1111068725586,6650.0,85.0,97.6111068725586,890.0,100.0,100.0
1730865955.6760728,967.0,100.0,88.22221374511719,6634.0,86.0,96.5110855102539,868.0,100.0,77.99998474121094
1730865955.746803,967.0,100.0,91.33332824707031,6634.0,86.0,97.1888656616211,868.0,100.0,80.4444351196289
1730865955.8222456,975.0,100.0,86.44441986083984,6634.0,86.0,97.71109008789062,868.0,100.0,82.88887786865234
1730865956.0011451,975.0,100.0,89.22219848632812,6617.0,87.0,96.5333480834961,869.0,100.0,86.3333740234375
1730865956.1852765,995.0,100.0,72.0,6617.0,87.0,97.24446105957031,870.0,100.0,89.66668701171875
1730865956.3170242,995.0,100.0,77.00000762939453,6651.0,88.0,98.81110382080078,870.0,100.0,91.88890838623047
1730865956.407601,1002.0,100.0,73.88892364501953,6651.0,88.0,98.64443969726562,870.0,100.0,94.11112976074219
1730865956.4673126,1002.0,100.0,77.33336639404297,6651.0,88.0,98.65555572509766,890.0,100.0,83.66667175292969
1730865956.6417866,1002.0,100.0,80.7778091430664,6645.0,88.0,99.26667022705078,890.0,100.0,83.66667175292969
1730865956.738049,1016.0,100.0,70.66663360595703,6645.0,88.0,99.21111297607422,890.0,100.0,83.66667175292969
1730865956.828233,1016.0,100.0,76.111083984375,6645.0,88.0,99.33333587646484,890.0,100.0,86.11111450195312
1730865956.9595087,1023.0,100.0,74.55555725097656,6640.0,88.0,99.95556640625,890.0,100.0,88.5555648803711
1730865957.109582,1023.0,100.0,79.8888931274414,6640.0,88.0,99.9777603149414,890.0,100.0,91.00000762939453
1730865957.2895236,1031.0,100.0,77.22220611572266,6540.0,89.0,89.72222137451172,890.0,100.0,93.33334350585938
1730865957.379914,1037.0,100.0,75.22228240966797,6540.0,89.0,90.57777404785156,890.0,100.0,95.55555725097656
1730865957.5999835,1037.0,100.0,79.8889389038086,6516.0,89.0,89.41109466552734,890.0,100.0,97.77777862548828
1730865957.6915917,1044.0,100.0,76.77774047851562,6516.0,89.0,90.91109466552734,890.0,100.0,100.0
1730865957.9243708,1044.0,100.0,81.44441223144531,6494.0,90.0,90.21111297607422,891.0,100.0,99.00001525878906
1730865958.014915,1051.0,100.0,79.11111450195312,6494.0,90.0,91.8888931274414,891.0,100.0,99.11112213134766
1730865958.1095753,1051.0,100.0,83.0,6494.0,90.0,93.5666732788086,888.0,100.0,97.7778091430664
1730865958.2375238,1057.0,100.0,80.88883972167969,6467.0,75.0,92.5444564819336,888.0,100.0,98.0000228881836
1730865958.3280575,1057.0,100.0,84.6666259765625,6467.0,75.0,94.4666748046875,888.0,100.0,98.22224426269531
1730865958.3933094,1057.0,100.0,88.44440460205078,6467.0,75.0,96.3888931274414,888.0,100.0,98.44446563720703
1730865958.5613122,1062.0,100.0,86.33330535888672,6429.0,76.0,93.39999389648438,888.0,100.0,98.66668701171875
1730865958.7446725,1062.0,100.0,89.11109161376953,6429.0,76.0,94.63333129882812,889.0,100.0,99.8888931274414
1730865958.871304,1063.0,100.0,90.88895416259766,6396.0,61.0,92.29999542236328,889.0,100.0,100.0
1730865958.9670885,1063.0,100.0,93.00005340576172,6396.0,61.0,93.63333129882812,889.0,100.0,99.8888931274414
1730865959.0381618,1068.0,100.0,90.11116790771484,6396.0,61.0,94.72222137451172,889.0,100.0,99.66667175292969
1730865959.2016797,1068.0,100.0,92.00005340576172,6359.0,62.0,92.11113739013672,902.0,94.0,86.44444274902344
1730865959.2941818,1072.0,100.0,89.88887023925781,6359.0,62.0,93.61113739013672,902.0,94.0,87.99999237060547
1730865959.3839805,1072.0,100.0,91.55553436279297,6359.0,62.0,94.8111343383789,902.0,94.0,89.55554962158203
1730865959.5166771,1072.0,100.0,93.22219848632812,6256.0,63.0,85.71111297607422,902.0,94.0,91.1111068725586
1730865959.6075897,1076.0,100.0,90.888916015625,6256.0,63.0,88.05555725097656,902.0,94.0,92.66666412353516
1730865959.6769788,1076.0,100.0,92.44446563720703,6256.0,63.0,89.97777557373047,902.0,94.0,94.22221374511719
1730865959.8391466,1076.0,100.0,94.00000762939453,6221.0,64.0,88.40001678466797,901.0,94.0,96.6666488647461
1730865959.930125,1080.0,100.0,91.44438934326172,6221.0,64.0,90.34445190429688,901.0,94.0,97.99998474121094
1730865960.0265453,1080.0,100.0,93.33329010009766,6221.0,64.0,92.28889465332031,901.0,94.0,99.33332061767578
1730865960.1534622,1084.0,100.0,90.66667938232422,6173.0,48.0,89.43330383300781,901.0,94.0,99.33334350585938
1730865960.2439866,1084.0,100.0,92.44446563720703,6173.0,48.0,91.4999771118164,901.0,94.0,99.44445037841797
1730865960.4789617,1096.0,94.0,81.77782440185547,6134.0,49.0,89.66664123535156,884.0,94.0,82.5555419921875
1730865960.573112,1100.0,94.0,80.44441986083984,1633.0,67.0,0.0,884.0,94.0,84.5555419921875
1730865960.6638496,1100.0,94.0,83.55552673339844,1633.0,67.0,0.0,884.0,94.0,86.5555419921875
1730865960.84306,1100.0,94.0,86.22219848632812,1633.0,67.0,0.0,883.0,94.0,87.55555725097656
1730865960.9755743,1103.0,94.0,85.88885498046875,1633.0,67.0,0.0,883.0,94.0,89.66666412353516
1730865961.118681,1103.0,94.0,88.88886260986328,1633.0,67.0,0.0,899.0,94.0,92.33335876464844
1730865961.2088456,1102.0,94.0,92.44446563720703,1633.0,67.0,0.0,899.0,94.0,92.11112976074219
1730865961.4320748,1102.0,94.0,94.88890075683594,1633.0,67.0,0.0,899.0,94.0,91.88890838623047
1730865961.5225673,1105.0,95.0,93.88887786865234,1633.0,67.0,0.0,899.0,94.0,91.66667938232422
1730865961.581689,1105.0,95.0,96.22222137451172,1633.0,67.0,49.9888916015625,899.0,94.0,91.4444580078125
1730865961.7579656,1104.0,95.0,98.22227478027344,1636.0,69.0,99.69999694824219,898.0,94.0,94.1111068725586
1730865961.9370792,1104.0,95.0,98.66670989990234,1636.0,69.0,99.73332977294922,898.0,94.0,95.66666412353516
1730865962.0337183,1103.0,95.0,99.88892364501953,1636.0,69.0,99.76666259765625,898.0,94.0,97.22222137451172
1730865962.1345162,1103.0,95.0,99.55558776855469,1636.0,69.0,99.79999542236328,898.0,94.0,98.88888549804688
1730865962.209818,1105.0,95.0,98.4444351196289,1636.0,69.0,99.83333587646484,898.0,94.0,99.44445037841797
1730865962.391782,1105.0,95.0,98.66665649414062,1637.0,58.0,99.76667022705078,898.0,94.0,99.5555648803711
1730865962.5223892,1107.0,95.0,97.00001525878906,1637.0,58.0,99.81111907958984,899.0,94.0,99.33334350585938
1730865962.6634512,1107.0,95.0,97.55557250976562,1638.0,46.0,99.75555419921875,899.0,94.0,99.33334350585938
1730865962.7588937,1109.0,95.0,95.77781677246094,6026.0,66.0,0.0,914.0,95.0,84.33335876464844
1730865962.8487864,1109.0,95.0,96.22225952148438,6026.0,66.0,0.0,914.0,95.0,86.0000228881836
1730865963.0362248,1109.0,95.0,96.7778091430664,6000.0,68.0,0.0,897.0,95.0,95.22224426269531
1730865963.1422286,1111.0,95.0,95.3333969116211,6000.0,68.0,0.0,897.0,95.0,95.3333511352539
1730865963.3140552,1113.0,94.0,94.22217559814453,5971.0,70.0,0.0,897.0,95.0,95.44446563720703
1730865963.4036882,1113.0,94.0,95.33329010009766,5971.0,70.0,0.0,897.0,95.0,95.55557250976562
1730865963.4940624,1113.0,94.0,96.22217559814453,5971.0,70.0,0.0,897.0,95.0,95.66667938232422
1730865963.6736174,1115.0,94.0,95.11109161376953,5940.0,71.0,8.666667938232422,898.0,95.0,96.77777862548828
1730865963.802994,1116.0,94.0,94.99993896484375,5940.0,71.0,56.477779388427734,898.0,95.0,96.88888549804688
1730865963.9515653,1116.0,94.0,95.99994659423828,5909.0,73.0,92.62220764160156,914.0,95.0,87.00003051757812
1730865964.0431032,1115.0,94.0,97.77777862548828,5909.0,73.0,93.92221069335938,914.0,95.0,87.00003051757812
1730865964.1386561,1115.0,94.0,98.44445037841797,5909.0,73.0,95.22220611572266,932.0,92.0,69.0000228881836
1730865964.3173957,1115.0,94.0,99.11112213134766,5888.0,73.0,94.13333129882812,932.0,92.0,72.88890838623047
1730865964.42933,1118.0,94.0,96.55555725097656,5888.0,73.0,95.37777709960938,931.0,92.0,77.77777862548828
1730865964.5888777,1118.0,94.0,97.1111068725586,5848.0,75.0,92.30000305175781,931.0,92.0,81.55555725097656
1730865964.6856287,1118.0,94.0,97.66666412353516,5848.0,75.0,93.66667175292969,921.0,97.0,95.33332061767578
1730865964.905541,1118.0,94.0,98.22222137451172,5819.0,75.0,92.13330841064453,921.0,97.0,97.99998474121094
1730865964.996802,1119.0,94.0,97.55562591552734,5819.0,75.0,93.4777603149414,920.0,97.0,98.44447326660156
1730865965.0689242,1121.0,94.0,95.88885498046875,5819.0,75.0,94.82220458984375,920.0,97.0,96.0000228881836
1730865965.2328794,1121.0,94.0,96.44441223144531,5771.0,77.0,91.02222442626953,920.0,97.0,95.3333511352539
1730865965.324616,1121.0,94.0,97.111083984375,5771.0,77.0,92.55555725097656,920.0,97.0,94.66667938232422
1730865965.4155014,1122.0,94.0,96.77782440185547,5771.0,77.0,94.0888900756836,920.0,97.0,96.00001525878906
1730865965.550503,1122.0,94.0,97.55560302734375,5728.0,79.0,91.08891296386719,919.0,97.0,96.3333511352539
1730865965.6408923,1112.0,100.0,91.99996948242188,5728.0,79.0,92.86669158935547,919.0,97.0,97.66668701171875
1730865965.8760378,1112.0,100.0,92.66664123535156,5684.0,81.0,89.80001068115234,919.0,97.0,99.00001525878906
1730865965.9664972,1113.0,100.0,94.33335876464844,5684.0,81.0,91.62223052978516,919.0,97.0,99.22222900390625
1730865966.0616503,1113.0,100.0,94.888916015625,5684.0,81.0,93.12223052978516,918.0,97.0,98.44440460205078
1730865966.1879272,1114.0,100.0,96.55550384521484,5637.0,82.0,89.92223358154297,918.0,97.0,98.66663360595703
1730865966.2785141,1114.0,100.0,97.33329010009766,5637.0,82.0,91.94445037841797,918.0,97.0,98.88885498046875
1730865966.3420997,1114.0,100.0,98.11107635498047,5637.0,82.0,93.43333435058594,917.0,97.0,98.11109924316406
1730865966.5152085,1117.0,100.0,98.11111450195312,5592.0,84.0,90.4222183227539,917.0,97.0,98.4444351196289
1730865966.6114564,1117.0,100.0,97.55555725097656,5592.0,84.0,92.41110229492188,917.0,97.0,98.77776336669922
1730865966.7020369,1119.0,100.0,95.00003051757812,5592.0,84.0,93.9222183227539,917.0,97.0,98.99999237060547
1730865966.8297634,1119.0,100.0,95.7778091430664,5538.0,85.0,90.03334045410156,917.0,97.0,99.22222137451172
1730865966.9262564,1119.0,100.0,96.55558013916016,5538.0,85.0,91.65556335449219,919.0,97.0,98.5555191040039
1730865966.9906478,1125.0,100.0,91.22219848632812,5538.0,85.0,93.27778625488281,919.0,97.0,98.5555191040039
1730865967.1589289,1125.0,100.0,92.55552673339844,5491.0,87.0,90.20001220703125,918.0,97.0,99.66668701171875
1730865967.338626,1127.0,100.0,91.77777862548828,5491.0,87.0,91.82223510742188,918.0,97.0,99.66668701171875
1730865967.4661617,1127.0,100.0,93.22222137451172,5433.0,74.0,87.64444732666016,917.0,97.0,99.33332824707031
1730865967.562895,1134.0,100.0,87.66670227050781,5433.0,74.0,89.9111099243164,917.0,97.0,99.33332824707031
1730865967.628633,1134.0,100.0,89.55558776855469,5433.0,74.0,91.67778015136719,917.0,97.0,99.33332824707031
1730865967.7972393,1134.0,100.0,91.44446563720703,5394.0,75.0,89.54444122314453,916.0,97.0,98.33334350585938
1730865967.888617,1137.0,83.0,90.11111450195312,5394.0,75.0,91.74443817138672,916.0,97.0,98.44445037841797
1730865968.1092155,1137.0,83.0,92.11111450195312,5346.0,77.0,88.5444564819336,915.0,97.0,97.55557250976562
1730865968.200713,1139.0,83.0,92.11102294921875,5346.0,77.0,90.67778778076172,915.0,97.0,98.0000228881836
1730865968.2660995,1141.0,83.0,91.66661071777344,5346.0,77.0,92.81111907958984,915.0,97.0,98.44446563720703
1730865968.4353733,1141.0,83.0,93.44438934326172,5294.0,79.0,89.22222137451172,915.0,97.0,98.77779388427734
1730865968.5324972,1141.0,83.0,94.99995422363281,5294.0,79.0,91.4111099243164,915.0,97.0,99.11112213134766
1730865968.6244082,1145.0,100.0,92.5555648803711,5294.0,79.0,92.95555877685547,915.0,97.0,99.33334350585938
1730865968.7521582,1145.0,100.0,93.77779388427734,5240.0,81.0,89.09996032714844,915.0,97.0,99.5555648803711
1730865968.9057808,1149.0,100.0,90.99994659423828,5240.0,81.0,91.24441528320312,915.0,97.0,99.77777862548828
1730865969.0839987,1149.0,100.0,92.6666259765625,5179.0,83.0,86.85553741455078,914.0,97.0,98.88884735107422
1730865969.1748078,1153.0,100.0,90.0000228881836,5179.0,83.0,89.24443054199219,914.0,97.0,99.11106872558594
1730865969.26622,1153.0,100.0,91.77780151367188,5179.0,83.0,91.09999084472656,914.0,97.0,99.22218322753906
1730865969.3743541,1163.0,100.0,83.33335876464844,5147.0,83.0,89.75553894042969,900.0,96.0,85.33330535888672
1730865969.4651978,1163.0,100.0,85.77780151367188,5147.0,83.0,91.9666519165039,900.0,96.0,86.9999771118164
1730865969.7164333,1163.0,100.0,88.22224426269531,5111.0,66.0,90.00001525878906,887.0,100.0,75.66669464111328
1730865969.8124611,1166.0,100.0,87.66665649414062,5111.0,66.0,92.0333480834961,887.0,100.0,78.7778091430664
1730865970.0272613,1170.0,100.0,86.00004577636719,5075.0,50.0,90.46665954589844,887.0,100.0,81.888916015625
1730865970.1180675,1170.0,100.0,88.77782440185547,5075.0,50.0,92.29998779296875,887.0,100.0,85.00003051757812
1730865970.1728022,1154.0,100.0,92.8889389038086,5075.0,50.0,94.1333236694336,887.0,100.0,88.11113739013672
1730865970.3509102,1154.0,100.0,92.33338928222656,5036.0,50.0,91.38887786865234,887.0,100.0,91.11112976074219
1730865970.5334573,1180.0,100.0,81.77782440185547,5036.0,50.0,92.97776794433594,887.0,100.0,94.11112976074219
1730865970.6654627,1180.0,100.0,84.77782440185547,5001.0,50.0,91.0666732788086,887.0,100.0,97.11112213134766
1730865970.7361674,1184.0,100.0,82.66664123535156,5001.0,50.0,92.68889617919922,888.0,100.0,99.55554962158203
1730865970.811482,1184.0,100.0,84.9999771118164,5001.0,50.0,94.31111907958984,888.0,100.0,99.11112213134766
1730865970.9940045,1184.0,100.0,87.33331298828125,4967.0,50.0,92.13334655761719,888.0,100.0,99.22222900390625
1730865971.0846622,1189.0,100.0,84.33331298828125,4967.0,50.0,93.73334503173828,888.0,100.0,99.33334350585938
1730865971.2888467,1189.0,100.0,86.4444351196289,4933.0,50.0,91.53335571289062,887.0,100.0,99.5555648803711
1730865971.3693397,1193.0,100.0,84.55560302734375,4933.0,50.0,93.11112976074219,887.0,100.0,99.5555648803711
1730865971.4509995,1193.0,100.0,88.88892364501953,4933.0,50.0,94.68890380859375,887.0,100.0,99.5555648803711
1730865971.636151,1197.0,100.0,89.22218322753906,4900.0,33.0,92.5333480834961,888.0,100.0,99.44445037841797
1730865971.7269406,1197.0,100.0,91.11107635498047,4900.0,33.0,94.04444885253906,888.0,100.0,99.5555648803711
1730865971.9206593,1202.0,100.0,87.99998474121094,4862.0,33.0,91.36666107177734,888.0,100.0,99.66667175292969
1730865972.006984,1205.0,100.0,86.99996185302734,4862.0,33.0,92.91110229492188,888.0,100.0,99.66667175292969
1730865972.0973644,1205.0,100.0,89.33329772949219,4862.0,33.0,94.45555114746094,888.0,100.0,99.66667175292969
1730865972.2753866,1205.0,100.0,91.66663360595703,4825.0,33.0,91.92219543457031,888.0,100.0,99.66667175292969
1730865972.3670342,1216.0,100.0,82.44449615478516,4825.0,33.0,93.4999771118164,888.0,100.0,99.66667175292969
1730865972.5504487,1216.0,100.0,85.44449615478516,4789.0,50.0,91.10000610351562,888.0,100.0,99.77777862548828
1730865972.5906637,1218.0,100.0,85.99995422363281,4789.0,50.0,92.70000457763672,888.0,100.0,99.8888931274414
1730865972.645442,1218.0,100.0,88.77774047851562,4789.0,50.0,94.30000305175781,903.0,95.0,85.00001525878906
1730865972.9172423,1218.0,100.0,91.11107635498047,4757.0,50.0,92.33333587646484,903.0,95.0,86.66667938232422
1730865973.043827,1226.0,100.0,85.44451904296875,4757.0,50.0,93.92222595214844,903.0,95.0,88.33334350585938
1730865973.1897225,1226.0,100.0,88.11117553710938,4722.0,50.0,91.58890533447266,902.0,95.0,91.0
1730865973.278997,1228.0,100.0,88.44440460205078,4722.0,50.0,93.14446258544922,902.0,95.0,92.55554962158203
1730865973.55554,1228.0,100.0,90.99996185302734,4702.0,50.0,92.70001220703125,902.0,95.0,94.1111068725586
1730865973.6820776,1232.0,100.0,89.55557250976562,4702.0,50.0,94.06668090820312,902.0,95.0,95.66666412353516
1730865973.824086,1232.0,100.0,91.3333511352539,4664.0,66.0,91.63333129882812,904.0,95.0,95.22224426269531
1730865973.913981,1235.0,100.0,90.11111450195312,4664.0,66.0,93.022216796875,904.0,95.0,97.00001525878906
1730865974.0087633,1235.0,100.0,92.0,4664.0,66.0,94.4111099243164,903.0,95.0,99.77777862548828
1730865974.1914506,1238.0,100.0,90.88886260986328,4628.0,66.0,92.1999740600586,903.0,95.0,99.77777862548828
1730865974.3022232,1238.0,100.0,93.111083984375,4628.0,66.0,93.63330841064453,903.0,95.0,99.77777862548828
1730865974.465488,1241.0,100.0,91.44440460205078,4592.0,66.0,91.46666717529297,903.0,95.0,99.77777862548828
1730865974.5614994,1241.0,100.0,93.111083984375,4592.0,66.0,92.9111099243164,903.0,95.0,99.8888931274414
1730865974.6537786,1240.0,100.0,95.55557250976562,4592.0,66.0,94.35556030273438,903.0,95.0,100.0
1730865974.780604,1240.0,100.0,96.88890075683594,4531.0,66.0,89.47779083251953,903.0,95.0,99.8888931274414
1730865974.8765097,1228.0,100.0,90.22224426269531,4531.0,66.0,91.37779235839844,902.0,95.0,98.77779388427734
1730865975.1077554,1228.0,100.0,90.66667938232422,4500.0,66.0,89.75555419921875,902.0,95.0,99.00001525878906
1730865975.197966,1245.0,100.0,91.55558776855469,4500.0,66.0,91.5777816772461,902.0,95.0,99.22222900390625
1730865975.2883143,1245.0,100.0,92.66669464111328,4500.0,66.0,93.4000015258789,902.0,95.0,99.33334350585938
1730865975.4199188,1245.0,100.0,93.44446563720703,4465.0,50.0,91.32223510742188,902.0,95.0,99.44445037841797
1730865975.5110552,1262.0,100.0,77.22228240966797,4465.0,50.0,93.13334655761719,902.0,95.0,99.5555648803711
1730865975.576244,1262.0,100.0,79.55560302734375,4465.0,50.0,94.5444564819336,902.0,95.0,99.66667175292969
1730865975.7441628,1265.0,100.0,78.88890838623047,4423.0,50.0,91.75553131103516,901.0,95.0,98.77779388427734
1730865975.8351774,1265.0,100.0,81.66668701171875,4423.0,50.0,93.63331604003906,901.0,95.0,99.00001525878906
1730865975.9316554,1265.0,100.0,84.4444580078125,4423.0,50.0,94.83331298828125,901.0,95.0,99.22222900390625
1730865976.0585752,1273.0,100.0,80.55554962158203,4382.0,50.0,91.9333267211914,901.0,95.0,99.33334350585938
1730865976.1447096,1273.0,100.0,85.5555419921875,4382.0,50.0,93.24443817138672,901.0,95.0,99.44445037841797
1730865976.2100286,1275.0,100.0,86.66667938232422,4382.0,50.0,94.55554962158203,887.0,95.0,85.5555648803711
1730865976.3788247,1275.0,100.0,90.00000762939453,4347.0,66.0,92.3666763305664,887.0,95.0,87.22222900390625
1730865976.5622263,1280.0,100.0,88.33334350585938,4347.0,66.0,93.67778778076172,888.0,95.0,89.88887786865234
1730865976.6896474,1280.0,100.0,90.33334350585938,4311.0,50.0,91.38887786865234,888.0,95.0,91.4444351196289
1730865976.7807195,1290.0,100.0,82.33335876464844,4311.0,50.0,93.09999084472656,888.0,95.0,92.99999237060547
1730865976.8508382,1290.0,100.0,85.11112976074219,4311.0,50.0,94.34443664550781,888.0,95.0,94.4444351196289
1730865977.0139406,1290.0,100.0,87.88890838623047,4275.0,66.0,91.98889923095703,888.0,95.0,95.88888549804688
1730865977.1052673,1291.0,100.0,89.66663360595703,4275.0,66.0,93.63334655761719,888.0,95.0,97.33332824707031
1730865977.3209527,1291.0,100.0,91.66663360595703,4239.0,66.0,91.22220611572266,888.0,95.0,98.77777099609375
1730865977.412282,1292.0,100.0,92.66658782958984,4239.0,66.0,92.81109619140625,888.0,95.0,99.77777862548828
1730865977.4833887,1292.0,100.0,94.55548858642578,4239.0,66.0,94.39998626708984,888.0,95.0,99.8888931274414
1730865977.650094,1318.0,94.0,70.4444808959961,4203.0,83.0,92.00001525878906,888.0,95.0,100.0
1730865977.7389493,1318.0,94.0,74.66670227050781,4203.0,83.0,93.60001373291016,888.0,95.0,100.0
1730865977.9649613,1296.0,100.0,99.11112213134766,4168.0,100.0,91.3000259399414,889.0,95.0,99.00001525878906
1730865978.035703,1296.0,100.0,98.44445037841797,4168.0,100.0,92.88890838623047,889.0,95.0,99.11112213134766
1730865978.1115642,1372.0,87.0,26.222244262695312,4168.0,100.0,94.47779846191406,876.0,100.0,87.77775573730469
1730865978.2910674,1372.0,87.0,35.33335876464844,4133.0,100.0,92.1666488647461,876.0,100.0,89.11109161376953
1730865978.387081,1299.0,100.0,82.66669464111328,4133.0,100.0,93.74443054199219,877.0,100.0,91.44441223144531
1730865978.426354,1299.0,100.0,81.77780151367188,4133.0,100.0,94.92221069335938,877.0,100.0,92.66664123535156
1730865978.5843163,1299.0,100.0,81.0000228881836,4098.0,100.0,92.5999984741211,877.0,100.0,93.88887023925781
1730865978.6696053,1300.0,100.0,81.22217559814453,4098.0,100.0,94.16666412353516,877.0,100.0,95.11109161376953
1730865978.7509346,1300.0,100.0,83.22218322753906,4098.0,100.0,95.33333587646484,877.0,100.0,96.33332061767578
1730865978.9345264,1300.0,100.0,85.22218322753906,4036.0,100.0,90.29997253417969,877.0,100.0,97.55554962158203
1730865979.0281851,1301.0,100.0,85.77778625488281,4036.0,100.0,91.76663970947266,877.0,100.0,98.88888549804688
1730865979.216943,1301.0,100.0,85.22223663330078,4030.0,83.0,92.63336181640625,878.0,100.0,98.7777328491211
1730865979.3903325,1303.0,100.0,95.11109161376953,4030.0,83.0,94.16669464111328,878.0,100.0,98.99996185302734
1730865979.574147,1305.0,100.0,95.2222671508789,3967.0,100.0,89.01111602783203,878.0,100.0,99.22218322753906
1730865979.701889,1308.0,100.0,92.88890075683594,3967.0,100.0,90.85555267333984,878.0,100.0,99.33330535888672
1730865979.8487363,1308.0,100.0,93.8888931274414,3924.0,100.0,88.4000015258789,878.0,100.0,99.44441986083984
1730865979.9415233,1311.0,100.0,91.88887023925781,3924.0,100.0,90.33333587646484,878.0,100.0,99.55553436279297
1730865980.1624305,1311.0,100.0,93.11109161376953,3887.0,100.0,88.5666732788086,870.0,100.0,92.33333587646484
1730865980.2534285,1308.0,100.0,97.33334350585938,3887.0,100.0,90.91111755371094,870.0,100.0,93.1111068725586
1730865980.3277946,1308.0,100.0,98.22222900390625,3887.0,100.0,92.5666732788086,871.0,100.0,94.88887023925781
1730865980.4864094,1308.0,100.0,99.00000762939453,3879.0,83.0,93.42221069335938,871.0,100.0,95.55553436279297
1730865980.5824313,1299.0,100.0,91.22227478027344,3879.0,83.0,95.09999084472656,871.0,100.0,96.33331298828125
1730865980.6728852,1299.0,100.0,91.66671752929688,3879.0,83.0,96.77777099609375,871.0,100.0,97.11109161376953
1730865980.804892,1301.0,100.0,94.33334350585938,3846.0,66.0,94.45555114746094,871.0,100.0,97.88887786865234
1730865980.8805487,1301.0,100.0,95.11112213134766,3846.0,66.0,95.79999542236328,871.0,100.0,98.66665649414062
1730865980.9556124,1301.0,100.0,95.8888931274414,3846.0,66.0,96.66666412353516,871.0,100.0,99.4444351196289
1730865981.1345203,1298.0,100.0,93.99998474121094,3832.0,66.0,96.13333892822266,872.0,100.0,98.77779388427734
1730865981.225265,1298.0,100.0,95.44442749023438,3832.0,66.0,96.74444580078125,872.0,100.0,99.00001525878906
1730865981.3159049,1294.0,100.0,92.55559539794922,3832.0,66.0,97.35556030273438,872.0,100.0,99.22222900390625
1730865981.41822,1294.0,100.0,94.11113739013672,3793.0,66.0,94.06666564941406,872.0,100.0,99.33334350585938
1730865981.5195556,1294.0,100.0,95.66668701171875,3793.0,66.0,95.02222442626953,872.0,100.0,99.44445037841797
1730865981.591491,1329.0,91.0,68.77778625488281,3793.0,66.0,95.97777557373047,872.0,100.0,99.5555648803711
1730865981.7734294,1329.0,91.0,72.11112213134766,3775.0,83.0,95.13334655761719,882.0,100.0,89.66661834716797
1730865981.864345,1292.0,100.0,87.77783203125,3775.0,83.0,95.92223358154297,882.0,100.0,90.88884735107422
1730865982.0573006,1292.0,100.0,88.77782440185547,3737.0,83.0,92.9111099243164,882.0,100.0,92.11107635498047
1730865982.2300832,1289.0,100.0,86.77779388427734,3737.0,83.0,94.1222152709961,882.0,100.0,93.33329772949219
1730865982.4082477,1291.0,100.0,89.77776336669922,3703.0,100.0,91.77778625488281,882.0,100.0,94.44441986083984
1730865982.5406108,1291.0,100.0,90.55553436279297,3703.0,100.0,93.21111297607422,883.0,100.0,94.55554962158203
1730865982.6827297,1294.0,100.0,93.8888931274414,3664.0,100.0,90.74444580078125,883.0,100.0,95.77777099609375
1730865982.7782497,1294.0,100.0,93.8888931274414,3664.0,100.0,92.17778015136719,883.0,100.0,97.0
1730865983.0488336,1296.0,100.0,95.88887023925781,3628.0,100.0,90.0111083984375,898.0,100.0,83.22223663330078
1730865983.1548548,1298.0,100.0,98.44448852539062,3628.0,100.0,91.84444427490234,898.0,100.0,86.11112976074219
1730865983.3211727,1298.0,100.0,95.00004577636719,3592.0,100.0,89.87777709960938,886.0,100.0,99.88893127441406
1730865983.411623,1303.0,100.0,90.66670989990234,3592.0,100.0,91.9111099243164,886.0,100.0,99.66663360595703
1730865983.6360948,1303.0,100.0,91.88892364501953,3558.0,100.0,90.12223052978516,886.0,100.0,99.2221908569336
1730865983.7258806,1305.0,100.0,91.44449615478516,3558.0,100.0,92.11111450195312,886.0,100.0,98.77775573730469
1730865983.7954352,1305.0,100.0,93.00004577636719,3558.0,100.0,93.72222900390625,886.0,100.0,98.33331298828125
1730865983.9581544,1305.0,100.0,94.55559539794922,3521.0,100.0,91.6333236694336,886.0,100.0,97.99998474121094
1730865984.0478358,1308.0,100.0,92.77778625488281,3521.0,100.0,93.22221374511719,886.0,100.0,97.66665649414062
1730865984.1440303,1308.0,100.0,94.33333587646484,3521.0,100.0,94.81110382080078,886.0,100.0,97.33332824707031
1730865984.2740839,1314.0,100.0,89.66661834716797,3486.0,83.0,92.50000762939453,886.0,100.0,98.66666412353516
1730865984.4211628,1314.0,100.0,91.44440460205078,3486.0,83.0,94.0777816772461,886.0,100.0,100.0
1730865984.6011245,1317.0,100.0,90.22216033935547,3449.0,83.0,91.5555419921875,886.0,100.0,100.0
1730865984.6960309,1317.0,100.0,91.77772521972656,3449.0,83.0,93.1444320678711,877.0,100.0,91.0
1730865984.89445,1321.0,100.0,89.33333587646484,3412.0,83.0,90.65555572509766,877.0,100.0,92.0
1730865985.0579255,1324.0,100.0,88.11109924316406,3412.0,83.0,92.27777862548828,877.0,100.0,93.0
1730865985.246834,1324.0,100.0,90.22221374511719,3374.0,100.0,90.10001373291016,877.0,100.0,94.0
1730865985.3688524,1329.0,100.0,87.33333587646484,3374.0,100.0,91.73334503173828,877.0,100.0,95.0
1730865985.5170977,1329.0,100.0,89.66667175292969,3339.0,100.0,89.86666870117188,881.0,100.0,99.99999237060547
1730865985.6078234,1334.0,100.0,87.00001525878906,3339.0,100.0,91.88888549804688,881.0,100.0,99.4444351196289
1730865985.8314095,1334.0,100.0,89.22223663330078,3289.0,100.0,88.52222442626953,882.0,100.0,97.88883972167969
1730865985.9192746,1339.0,100.0,86.4444580078125,3289.0,100.0,90.71112060546875,882.0,100.0,97.44439697265625
1730865986.0103583,1339.0,100.0,88.88890075683594,3289.0,100.0,92.4888916015625,882.0,100.0,96.99996185302734
1730865986.153835,1344.0,100.0,86.33334350585938,3253.0,100.0,90.66666412353516,882.0,100.0,97.5555191040039
1730865986.2444482,1344.0,100.0,88.88890075683594,3253.0,100.0,92.43333435058594,882.0,100.0,98.111083984375
1730865986.4650657,1353.0,100.0,82.11105346679688,3210.0,100.0,89.9000015258789,880.0,100.0,99.33332061767578
1730865986.552525,1353.0,100.0,85.33328247070312,3210.0,100.0,91.72222137451172,880.0,100.0,98.99998474121094
1730865986.6269982,1376.0,95.0,64.99995422363281,3210.0,100.0,93.54444885253906,880.0,100.0,98.6666488647461
1730865986.78498,1376.0,95.0,70.22218322753906,3174.0,100.0,91.37777709960938,880.0,100.0,98.77776336669922
1730865986.8817837,1382.0,95.0,68.88893127441406,3174.0,100.0,93.21111297607422,881.0,100.0,99.88885498046875
1730865986.9732769,1382.0,95.0,74.22225952148438,3174.0,100.0,94.4888916015625,881.0,100.0,99.9999771118164
1730865987.1012938,1382.0,95.0,79.00003814697266,3108.0,100.0,89.16666412353516,881.0,100.0,99.88890838623047
1730865987.1769464,1389.0,95.0,76.77772521972656,3108.0,100.0,91.17778015136719,881.0,100.0,99.77779388427734
1730865987.2531376,1389.0,95.0,81.7777328491211,3108.0,100.0,92.78888702392578,881.0,100.0,99.66667938232422
1730865987.4332619,1389.0,95.0,86.77774047851562,3074.0,100.0,90.99998474121094,881.0,100.0,99.5555648803711
1730865987.5248017,1399.0,95.0,80.77775573730469,3074.0,100.0,92.51110076904297,881.0,100.0,99.66667175292969
1730865987.7178388,1399.0,95.0,85.88886260986328,3041.0,100.0,90.72221374511719,881.0,100.0,99.77777862548828
1730865987.8017998,1408.0,95.0,79.4444808959961,3041.0,100.0,92.59999084472656,881.0,100.0,99.8888931274414
1730865987.8917089,1408.0,95.0,83.00003051757812,3041.0,100.0,94.07776641845703,881.0,100.0,100.0
1730865988.073775,1413.0,95.0,80.88892364501953,3019.0,100.0,93.3555679321289,881.0,100.0,100.0
1730865988.199168,1413.0,95.0,84.33336639404297,3019.0,100.0,95.07778930664062,881.0,100.0,100.0
1730865988.346865,1417.0,95.0,83.77774810791016,2985.0,100.0,92.66666412353516,881.0,100.0,100.0
1730865988.4330232,1417.0,95.0,86.88886260986328,2985.0,100.0,94.0333251953125,881.0,100.0,100.0
1730865988.528508,1421.0,95.0,86.0000228881836,2985.0,100.0,95.39999389648438,870.0,100.0,89.0000228881836
1730865988.6615698,1421.0,95.0,89.55557250976562,2947.0,100.0,92.58889770507812,870.0,100.0,90.22224426269531
1730865988.7529826,1407.0,100.0,93.99993133544922,2947.0,100.0,94.00000762939453,870.0,100.0,91.44446563720703
1730865988.823324,1407.0,100.0,93.11105346679688,2947.0,100.0,95.04444885253906,878.0,100.0,99.33330535888672
1730865988.9873748,1407.0,100.0,93.22216796875,2911.0,100.0,92.4888916015625,878.0,100.0,98.99996948242188
1730865989.172273,1412.0,100.0,98.33328247070312,2911.0,100.0,93.93333435058594,878.0,100.0,98.66664123535156
1730865989.300031,1418.0,100.0,95.55555725097656,2875.0,83.0,91.53333282470703,878.0,100.0,98.33331298828125
1730865989.3914824,1418.0,100.0,96.11111450195312,2875.0,83.0,93.13333892822266,879.0,100.0,97.0
1730865989.4418223,1418.0,100.0,96.22222137451172,2875.0,83.0,94.35556030273438,879.0,100.0,96.77777862548828
1730865989.6268766,1422.0,100.0,92.333251953125,2839.0,83.0,91.97777557373047,879.0,100.0,96.55555725097656
1730865989.807258,1422.0,100.0,92.44436645507812,2839.0,83.0,93.5999984741211,879.0,100.0,97.55555725097656
1730865989.9146256,1427.0,100.0,87.55548858642578,2805.0,100.0,91.40000915527344,879.0,100.0,98.55555725097656
1730865989.9968653,1427.0,100.0,89.77772521972656,2805.0,100.0,92.977783203125,879.0,100.0,99.5555648803711
1730865990.0822232,1448.0,95.0,71.00004577636719,2805.0,100.0,94.55555725097656,879.0,100.0,99.66667175292969
1730865990.2599092,1448.0,95.0,75.55560302734375,2774.0,100.0,92.6333236694336,909.0,94.0,69.7778091430664
1730865990.3908527,1453.0,95.0,74.55561065673828,2774.0,100.0,94.15554809570312,909.0,94.0,73.22225189208984
1730865990.5381665,1453.0,95.0,78.44449615478516,2740.0,100.0,91.87777709960938,887.0,100.0,98.66664123535156
1730865990.6295705,1458.0,95.0,77.33338928222656,2740.0,100.0,93.37777709960938,887.0,100.0,99.55553436279297
1730865990.7253442,1458.0,95.0,81.77782440185547,2740.0,100.0,94.87777709960938,887.0,100.0,99.55557250976562
1730865990.8525064,1458.0,95.0,85.77781677246094,2704.0,100.0,92.37777709960938,887.0,100.0,98.66668701171875
1730865990.9478462,1460.0,95.0,87.7777099609375,2704.0,100.0,93.87777709960938,887.0,100.0,97.77779388427734
1730865991.1787121,1460.0,95.0,91.44437408447266,2669.0,100.0,91.49999237060547,887.0,100.0,96.88890075683594
1730865991.2754781,1465.0,95.0,90.11104583740234,2669.0,100.0,93.01110076904297,887.0,100.0,96.00001525878906
1730865991.3666093,1465.0,95.0,91.99994659423828,2669.0,100.0,94.522216796875,887.0,100.0,95.11112213134766
1730865991.4935992,1469.0,95.0,89.8888931274414,2635.0,100.0,92.28889465332031,887.0,100.0,97.55555725097656
1730865991.568553,1469.0,95.0,91.66667175292969,2635.0,100.0,93.83333587646484,886.0,100.0,98.99995422363281
1730865991.8254378,1473.0,95.0,89.44438934326172,2598.0,100.0,91.30001068115234,888.0,100.0,98.8888931274414
1730865992.004823,1462.0,100.0,97.8888931274414,2598.0,100.0,92.8777847290039,888.0,100.0,99.00000762939453
1730865992.1069963,1462.0,100.0,97.44444274902344,2576.0,100.0,92.25555419921875,888.0,100.0,99.11111450195312
1730865992.1928694,1466.0,100.0,99.00006103515625,2576.0,100.0,93.67778015136719,888.0,100.0,99.22222900390625
1730865992.459165,1466.0,100.0,99.66671752929688,2541.0,100.0,91.59999084472656,888.0,100.0,99.33333587646484
1730865992.590464,1470.0,100.0,96.33330535888672,2541.0,100.0,93.022216796875,888.0,100.0,99.44444274902344
1730865992.7337763,1470.0,100.0,96.88886260986328,2506.0,100.0,90.94445037841797,888.0,100.0,99.55555725097656
1730865992.8238106,1469.0,100.0,98.44446563720703,2506.0,100.0,92.75556182861328,888.0,100.0,99.66666412353516
1730865992.9193149,1469.0,100.0,98.44446563720703,2506.0,100.0,94.18889617919922,888.0,100.0,99.77777099609375
1730865993.0462334,1473.0,100.0,94.44439697265625,2471.0,100.0,92.1222152709961,888.0,100.0,100.0
1730865993.1372564,1473.0,100.0,94.44439697265625,2471.0,100.0,93.53333282470703,888.0,100.0,100.0
1730865993.2018511,1473.0,100.0,95.6666259765625,2471.0,100.0,94.94444274902344,888.0,100.0,100.0
1730865993.3750706,1477.0,100.0,92.88890075683594,2436.0,100.0,92.61112213134766,888.0,100.0,100.0
1730865993.4708624,1477.0,100.0,94.11112976074219,2436.0,100.0,94.16667938232422,870.0,100.0,81.99999237060547
1730865993.5615828,1480.0,100.0,92.33333587646484,2436.0,100.0,95.33334350585938,870.0,100.0,83.99999237060547
1730865993.6721032,1480.0,100.0,93.44444274902344,2401.0,100.0,93.0,870.0,100.0,85.99999237060547
1730865993.7680454,1480.0,100.0,94.55554962158203,2401.0,100.0,94.16666412353516,870.0,100.0,87.99999237060547
1730865993.8378372,1484.0,100.0,91.77783203125,2401.0,100.0,95.33333587646484,870.0,100.0,90.0
1730865994.0261393,1484.0,100.0,93.44449615478516,2366.0,100.0,92.99999237060547,888.0,100.0,90.0
1730865994.1103458,1488.0,100.0,90.66664123535156,2366.0,100.0,94.16665649414062,888.0,100.0,90.0
1730865994.294099,1488.0,100.0,92.33330535888672,2331.0,100.0,91.83334350585938,888.0,100.0,90.0
1730865994.3859386,1491.0,100.0,90.99994659423828,2331.0,100.0,93.3888931274414,888.0,100.0,90.0
1730865994.4768887,1491.0,100.0,92.55551147460938,2331.0,100.0,94.55555725097656,888.0,100.0,90.0
1730865994.609659,1491.0,100.0,94.11107635498047,2296.0,100.0,92.22222137451172,888.0,100.0,92.0
1730865994.7006168,1493.0,100.0,93.33332824707031,2296.0,100.0,93.77777862548828,888.0,100.0,94.0
1730865994.7706692,1493.0,100.0,94.77777099609375,2296.0,100.0,94.94444274902344,888.0,100.0,96.0
1730865994.9401062,1497.0,100.0,92.2222671508789,2262.0,100.0,92.71112060546875,888.0,100.0,98.0
1730865995.0307388,1497.0,100.0,93.66671752929688,2262.0,100.0,94.25556182861328,888.0,100.0,100.0
1730865995.126417,1497.0,100.0,95.11116027832031,2262.0,100.0,95.41111755371094,888.0,100.0,100.0
1730865995.251879,1500.0,100.0,93.11113739013672,2228.0,83.0,93.16665649414062,888.0,100.0,100.0
1730865995.3213875,1500.0,100.0,94.44446563720703,2228.0,83.0,94.31109619140625,888.0,100.0,100.0
1730865995.4016213,1503.0,100.0,92.4444351196289,2228.0,83.0,95.4555435180664,906.0,94.0,81.99999237060547
1730865995.578694,1503.0,100.0,93.77776336669922,2193.0,100.0,93.10000610351562,906.0,94.0,83.99999237060547
1730865995.710926,1506.0,100.0,92.11107635498047,2193.0,100.0,94.24445343017578,888.0,100.0,96.0
1730865995.8640025,1506.0,100.0,93.5555191040039,2158.0,100.0,91.88888549804688,888.0,100.0,96.0
1730865995.9497359,1510.0,100.0,91.00001525878906,2158.0,100.0,93.4222183227539,888.0,100.0,96.0
1730865996.222548,1510.0,100.0,92.44446563720703,2123.0,100.0,91.07776641845703,888.0,100.0,96.0
1730865996.3497303,1516.0,100.0,87.88886260986328,2123.0,100.0,92.6222152709961,888.0,100.0,96.0
1730865996.4975421,1516.0,100.0,89.99998474121094,2085.0,100.0,90.3666763305664,888.0,100.0,96.0
1730865996.5887656,1519.0,100.0,88.77774047851562,2085.0,100.0,91.95555877685547,888.0,100.0,96.0
1730865996.6756492,1519.0,100.0,90.88886260986328,2085.0,100.0,93.54444885253906,888.0,100.0,96.0
1730865996.8124485,1522.0,100.0,89.66674041748047,2052.0,100.0,91.83333587646484,888.0,100.0,98.0
1730865996.903384,1522.0,100.0,91.77784729003906,2052.0,100.0,93.4000015258789,888.0,100.0,100.0
1730865996.9626098,1522.0,100.0,93.55561065673828,2052.0,100.0,94.9666748046875,888.0,100.0,100.0
1730865997.1406784,1526.0,100.0,91.33331298828125,2020.0,100.0,92.94444274902344,888.0,100.0,100.0
1730865997.2315207,1526.0,100.0,93.11109161376953,2020.0,100.0,94.47777557373047,888.0,100.0,100.0
1730865997.4249454,1528.0,100.0,92.88890075683594,1986.0,100.0,92.22221374511719,888.0,100.0,100.0
1730865997.5141518,1528.0,100.0,94.22222900390625,1986.0,100.0,93.74443817138672,888.0,100.0,100.0
1730865997.6002827,1532.0,100.0,91.55561065673828,1986.0,100.0,94.84443664550781,888.0,100.0,100.0
1730865997.7794747,1532.0,100.0,93.00004577636719,1954.0,100.0,92.74444580078125,888.0,100.0,100.0
1730865997.896256,1535.0,100.0,91.4444580078125,1954.0,100.0,94.19999694824219,888.0,100.0,100.0
1730865998.0534499,1535.0,100.0,92.88890075683594,1921.0,100.0,91.9888916015625,888.0,100.0,100.0
1730865998.148924,1539.0,100.0,90.33328247070312,1921.0,100.0,93.44445037841797,888.0,100.0,100.0
1730865998.2383168,1539.0,100.0,92.22217559814453,1921.0,100.0,94.9000015258789,888.0,100.0,100.0
1730865998.3693604,1539.0,100.0,93.6666259765625,1888.0,100.0,92.70000457763672,888.0,100.0,100.0
1730865998.4649591,1543.0,100.0,91.11112213134766,1888.0,100.0,94.16667175292969,888.0,100.0,100.0
1730865998.52461,1543.0,100.0,92.77778625488281,1888.0,100.0,95.25555419921875,888.0,100.0,100.0
1730865998.6982903,1546.0,100.0,91.44442749023438,1855.0,100.0,93.04444885253906,888.0,100.0,100.0
1730865998.7890186,1546.0,100.0,92.99999237060547,1855.0,100.0,94.5,888.0,100.0,100.0
1730865998.8796096,1546.0,100.0,94.55554962158203,1855.0,100.0,95.5999984741211,888.0,100.0,100.0
1730865998.985378,1550.0,100.0,91.77783203125,1823.0,100.0,93.49999237060547,889.0,100.0,99.00001525878906
1730865999.0658731,1550.0,100.0,93.44449615478516,1823.0,100.0,94.58888244628906,889.0,100.0,99.11112213134766
1730865999.335491,1553.0,100.0,91.66668701171875,1793.0,100.0,92.67777252197266,888.0,100.0,99.77777862548828
1730865999.4613514,1557.0,100.0,89.22216796875,1793.0,100.0,94.0999984741211,888.0,100.0,99.77777862548828
1730865999.6090155,1557.0,100.0,91.22216796875,1761.0,100.0,91.95555877685547,888.0,100.0,99.77777862548828
1730865999.69501,1569.0,100.0,80.77776336669922,1761.0,100.0,93.36666870117188,888.0,100.0,99.77777862548828
1730865999.9200654,1569.0,100.0,83.66665649414062,1730.0,100.0,91.67778015136719,888.0,100.0,99.77777862548828
1730866000.010737,1580.0,100.0,75.22217559814453,1730.0,100.0,93.06666564941406,888.0,100.0,99.77777862548828
1730866000.085653,1580.0,100.0,78.99996185302734,1730.0,100.0,94.45555877685547,888.0,100.0,99.77777862548828
1730866000.2472541,1580.0,100.0,82.77774047851562,1700.0,100.0,92.84445190429688,888.0,100.0,99.77777862548828
1730866000.3381958,1584.0,100.0,82.11113739013672,1700.0,100.0,94.21111297607422,888.0,100.0,99.8888931274414
1730866000.558897,1584.0,100.0,85.888916015625,1670.0,100.0,92.57777404785156,888.0,100.0,100.0
1730866000.633883,1594.0,100.0,79.3333740234375,1670.0,100.0,93.9444351196289,888.0,100.0,100.0
1730866000.7085583,1594.0,100.0,83.4444808959961,1670.0,100.0,95.31110382080078,888.0,100.0,100.0
1730866000.8920033,1604.0,100.0,77.55559539794922,1640.0,100.0,93.32221984863281,889.0,100.0,99.00001525878906
1730866000.9836478,1604.0,100.0,81.4444808959961,1640.0,100.0,94.66666412353516,889.0,100.0,99.11112213134766
1730866001.1676283,1612.0,100.0,77.33334350585938,1609.0,100.0,92.56666564941406,889.0,100.0,99.22222900390625
1730866001.2582347,1612.0,100.0,80.8888931274414,1609.0,100.0,93.9111099243164,889.0,100.0,99.33334350585938
1730866001.3484728,1621.0,100.0,75.44438171386719,1609.0,100.0,95.25555419921875,889.0,100.0,99.44445037841797
1730866001.4839542,1621.0,100.0,79.99993896484375,1580.0,100.0,93.3666763305664,889.0,100.0,99.5555648803711
1730866001.5736105,1626.0,100.0,79.1110610961914,1580.0,100.0,94.70000457763672,889.0,100.0,99.66667175292969
1730866001.8091826,1626.0,100.0,83.7777328491211,1551.0,100.0,92.80000305175781,889.0,100.0,99.77777862548828
1730866001.894867,1627.0,100.0,86.3333740234375,1551.0,100.0,94.12222290039062,889.0,100.0,99.8888931274414
1730866001.9913192,1627.0,100.0,90.00003814697266,1551.0,100.0,95.44444274902344,889.0,100.0,100.0
1730866002.0971608,1627.0,100.0,92.55559539794922,1522.0,100.0,93.53333282470703,889.0,100.0,100.0
1730866002.1879995,1627.0,100.0,95.11114501953125,1522.0,100.0,94.84444427490234,889.0,100.0,100.0
1730866002.449577,1627.0,100.0,96.7778091430664,1494.0,100.0,93.0111083984375,889.0,100.0,100.0
1730866002.5811543,1633.0,100.0,92.4444351196289,1494.0,100.0,94.28888702392578,889.0,100.0,100.0
1730866002.7231104,1636.0,100.0,90.77774047851562,1465.0,100.0,92.66667175292969,889.0,100.0,100.0
1730866002.819208,1636.0,100.0,92.44441223144531,1465.0,100.0,93.94445037841797,889.0,100.0,100.0
1730866003.037636,1639.0,100.0,90.55549621582031,1436.0,100.0,92.32221984863281,889.0,100.0,100.0
1730866003.1326604,1639.0,100.0,91.99994659423828,1436.0,100.0,93.5999984741211,889.0,100.0,100.0
1730866003.192037,1648.0,100.0,84.33334350585938,1436.0,100.0,94.87777709960938,889.0,100.0,100.0
1730866003.3717253,1648.0,100.0,86.66667938232422,1406.0,100.0,93.15555572509766,889.0,100.0,100.0
1730866003.462153,1651.0,100.0,85.99999237060547,1406.0,100.0,94.44445037841797,889.0,100.0,100.0
1730866003.6478615,1651.0,100.0,88.66666412353516,1378.0,100.0,92.93333435058594,889.0,100.0,100.0
1730866003.7387776,1656.0,100.0,86.33334350585938,1378.0,100.0,94.22222137451172,889.0,100.0,100.0
1730866003.8286886,1656.0,100.0,88.88890075683594,1378.0,100.0,95.5111083984375,889.0,100.0,100.0
1730866003.960336,1656.0,100.0,91.11112213134766,1348.0,100.0,93.477783203125,889.0,100.0,100.0
1730866004.122072,1659.0,100.0,90.33332061767578,1348.0,100.0,94.77777862548828,889.0,100.0,100.0
1730866004.2895472,1659.0,100.0,92.5555419921875,1320.0,100.0,92.95555877685547,889.0,100.0,100.0
1730866004.3790445,1670.0,100.0,83.77783966064453,1320.0,100.0,94.24444580078125,889.0,100.0,100.0
1730866004.578575,1670.0,100.0,86.22228240966797,1291.0,100.0,92.63333129882812,889.0,100.0,100.0
1730866004.7458644,1675.0,100.0,83.6667251586914,1291.0,100.0,93.9111099243164,889.0,100.0,100.0
1730866004.923407,1679.0,83.0,82.33331298828125,1262.0,100.0,92.28887939453125,889.0,100.0,100.0
1730866005.0189857,1679.0,83.0,85.44442749023438,1262.0,100.0,93.57777404785156,889.0,100.0,100.0
1730866005.200706,1686.0,83.0,81.00001525878906,1233.0,100.0,91.96666717529297,889.0,100.0,100.0
1730866005.2946827,1686.0,83.0,84.33334350585938,1233.0,100.0,93.5777816772461,889.0,100.0,100.0
1730866005.5100346,1678.0,83.0,95.66668701171875,1203.0,100.0,91.85554504394531,889.0,100.0,100.0
1730866005.6062193,1678.0,83.0,97.77779388427734,1203.0,100.0,93.46665954589844,889.0,100.0,100.0
1730866005.6763504,1678.0,83.0,99.8888931274414,1203.0,100.0,94.76666259765625,889.0,100.0,100.0
1730866005.8400006,1678.0,83.0,99.22221374511719,1174.0,100.0,93.16667175292969,889.0,100.0,100.0
1730866006.0180979,1672.0,83.0,92.3333969116211,1174.0,100.0,94.46666717529297,889.0,100.0,100.0
1730866006.1296084,1666.0,83.0,86.66667938232422,1144.0,100.0,92.76667022705078,889.0,100.0,100.0
1730866006.2208633,1666.0,83.0,88.11112213134766,1144.0,100.0,94.0777816772461,889.0,100.0,100.0
1730866006.2960906,1666.0,83.0,89.55557250976562,1144.0,100.0,95.3888931274414,889.0,100.0,100.0
1730866006.4748025,1663.0,100.0,88.77777099609375,1115.0,100.0,93.47777557373047,889.0,100.0,100.0
1730866006.6066463,1663.0,100.0,91.33332824707031,1115.0,100.0,94.78888702392578,889.0,100.0,100.0
1730866006.7499022,1662.0,100.0,91.99994659423828,1085.0,100.0,92.76667022705078,910.0,100.0,78.99996948242188
1730866006.8407888,1662.0,100.0,93.77772521972656,1085.0,100.0,94.0777816772461,910.0,100.0,81.33330535888672
1730866006.9366705,1662.0,100.0,95.55550384521484,1085.0,100.0,95.3888931274414,889.0,100.0,95.33332824707031
1730866007.0639083,1662.0,100.0,97.33329010009766,1056.0,100.0,93.47777557373047,889.0,100.0,95.33332824707031
1730866007.1552713,1662.0,100.0,98.44441223144531,1056.0,100.0,94.78888702392578,889.0,100.0,95.33332824707031
1730866007.2200563,1663.0,100.0,99.88890838623047,1056.0,100.0,95.76666259765625,889.0,100.0,95.33332824707031
1730866007.3925025,1663.0,100.0,99.77775573730469,1026.0,100.0,93.74444580078125,889.0,100.0,95.33332824707031
1730866007.489119,1665.0,100.0,97.44444274902344,1026.0,100.0,95.05555725097656,889.0,100.0,95.33332824707031
1730866007.5780158,1665.0,100.0,97.66666412353516,1026.0,100.0,96.04444885253906,889.0,100.0,95.33332824707031
1730866007.678472,1665.0,100.0,97.88888549804688,996.0,100.0,94.03333282470703,889.0,100.0,95.33332824707031
1730866007.7688441,1664.0,100.0,99.2221450805664,996.0,100.0,95.022216796875,889.0,100.0,97.66666412353516
1730866007.8560433,1664.0,100.0,99.44438171386719,996.0,100.0,96.0111083984375,889.0,100.0,100.0
1730866007.9888134,1664.0,100.0,99.66661071777344,966.0,100.0,94.0,889.0,100.0,100.0
1730866008.0802143,1667.0,100.0,96.88882446289062,966.0,100.0,95.0,889.0,100.0,100.0
1730866008.3159418,1667.0,100.0,97.44438934326172,936.0,100.0,93.0,889.0,100.0,100.0
1730866008.406551,1664.0,100.0,99.11113739013672,936.0,100.0,94.33332824707031,889.0,100.0,100.0
1730866008.4918852,1664.0,100.0,99.0000228881836,936.0,100.0,95.33332824707031,889.0,100.0,100.0
1730866008.62433,1659.0,100.0,94.11112976074219,906.0,100.0,93.33333587646484,889.0,100.0,100.0
1730866008.715463,1659.0,100.0,94.77778625488281,906.0,100.0,94.66667175292969,889.0,100.0,100.0
1730866008.9501002,1662.0,100.0,98.44434356689453,876.0,100.0,92.66666412353516,889.0,100.0,100.0
1730866009.0409884,1662.0,100.0,98.66658020019531,876.0,100.0,94.0,889.0,100.0,100.0
1730866009.2300909,1661.0,100.0,97.88888549804688,847.0,100.0,92.43333435058594,882.0,100.0,93.00003051757812
1730866009.414028,1663.0,100.0,99.7778091430664,847.0,100.0,93.75555419921875,894.0,100.0,94.22222900390625
1730866009.5405214,1663.0,100.0,99.33335876464844,818.0,100.0,92.17778015136719,894.0,100.0,94.77778625488281
1730866009.6309118,1656.0,100.0,94.11112976074219,818.0,100.0,93.4888916015625,894.0,100.0,95.33334350585938
1730866009.6966424,1656.0,100.0,95.00001525878906,818.0,100.0,94.80000305175781,894.0,100.0,95.8888931274414
1730866009.8653276,1656.0,100.0,95.88890838623047,789.0,100.0,93.21110534667969,894.0,100.0,96.44445037841797
1730866010.0443115,1659.0,100.0,99.2222671508789,789.0,100.0,94.5111083984375,894.0,100.0,97.00000762939453
1730866010.1540415,1660.0,100.0,99.7778091430664,760.0,100.0,92.9111099243164,894.0,100.0,97.55555725097656
1730866010.2498171,1660.0,100.0,99.55558776855469,760.0,100.0,94.19999694824219,894.0,100.0,98.11111450195312
1730866010.3202605,1660.0,100.0,99.33336639404297,760.0,100.0,95.4888916015625,894.0,100.0,98.66667175292969
1730866010.504637,1656.0,100.0,96.77780151367188,731.0,100.0,93.55555725097656,894.0,100.0,100.0
1730866010.6320488,1656.0,100.0,97.55557250976562,731.0,100.0,94.84444427490234,894.0,100.0,100.0
1730866010.7750547,1660.0,100.0,97.66670227050781,703.0,100.0,93.01111602783203,910.0,100.0,83.99996948242188
1730866010.8657968,1660.0,100.0,98.11114501953125,703.0,100.0,94.28888702392578,910.0,100.0,85.77774810791016
1730866010.9567068,1664.0,100.0,94.55551147460938,703.0,100.0,95.56666564941406,910.0,100.0,87.55552673339844
1730866011.0887835,1664.0,100.0,95.44440460205078,674.0,100.0,93.62222290039062,909.0,100.0,90.33335876464844
1730866011.1799486,1664.0,100.0,95.99996185302734,674.0,100.0,94.9000015258789,909.0,100.0,92.0000228881836
1730866011.2496033,1667.0,100.0,93.44438934326172,674.0,100.0,95.85556030273438,909.0,100.0,93.66668701171875
1730866011.4168756,1667.0,100.0,94.22217559814453,649.0,100.0,94.31111145019531,909.0,100.0,95.3333511352539
1730866011.5079577,1670.0,100.0,92.00006103515625,649.0,100.0,95.54444122314453,909.0,100.0,97.00001525878906
1730866011.6035404,1670.0,100.0,93.55561065673828,649.0,100.0,96.45555114746094,909.0,100.0,98.66668701171875
1730866011.7038527,1670.0,100.0,95.11116027832031,625.0,100.0,94.96666717529297,909.0,100.0,99.6666488647461
1730866011.7940755,1677.0,100.0,89.22218322753906,625.0,100.0,95.83333587646484,909.0,100.0,99.77777099609375
1730866011.8818412,1677.0,100.0,91.11107635498047,625.0,100.0,96.69999694824219,909.0,100.0,99.88888549804688
1730866012.059222,1677.0,100.0,92.55552673339844,601.0,100.0,95.16666412353516,909.0,100.0,100.0
1730866012.0972545,1680.0,100.0,91.00006866455078,601.0,100.0,95.97777557373047,909.0,100.0,100.0
1730866012.3320851,1680.0,100.0,92.77783966064453,578.0,100.0,94.4888916015625,909.0,100.0,100.0
1730866012.4245346,1685.0,100.0,89.22227478027344,578.0,100.0,95.55555725097656,908.0,100.0,99.00001525878906
1730866012.5150566,1685.0,100.0,91.22225952148438,578.0,100.0,96.34444427490234,908.0,100.0,99.11112213134766
1730866012.6412644,1689.0,100.0,88.88886260986328,556.0,100.0,94.93333435058594,908.0,100.0,99.22222900390625
1730866012.735078,1689.0,100.0,90.9999771118164,556.0,100.0,95.96666717529297,908.0,100.0,99.33334350585938
1730866012.9707322,1694.0,100.0,88.11109924316406,536.0,100.0,94.73333740234375,910.0,100.0,98.55551147460938
1730866013.061944,1694.0,100.0,89.99998474121094,536.0,100.0,95.72222137451172,910.0,100.0,98.66663360595703
1730866013.2414448,1697.0,100.0,88.88884735107422,513.0,100.0,94.4111099243164,909.0,100.0,99.77779388427734
1730866013.336563,1704.0,100.0,84.11109924316406,513.0,100.0,95.38888549804688,909.0,100.0,99.77779388427734
1730866013.5563233,1704.0,100.0,86.77777099609375,492.0,100.0,94.26667022705078,908.0,100.0,99.22222137451172
1730866013.651427,1716.0,100.0,77.44447326660156,492.0,100.0,95.22222137451172,908.0,100.0,99.33332824707031
1730866013.7205894,1716.0,100.0,80.88892364501953,492.0,100.0,96.17778015136719,908.0,100.0,99.33332824707031
1730866013.8834045,1716.0,100.0,84.33336639404297,472.0,100.0,95.13333129882812,908.0,100.0,99.33332824707031
