Timestamp,IMU_Linear_Acc_X,IMU_Linear_Acc_Y,IMU_Linear_Acc_Z,Filtered_X,Filtered_Y,Filtered_Z,Pose_X,Pose_Y,Pose_Z
1731474160.6699362,-0.3189314603805542,0.520063042640686,-9.994635581970215,0.0,0.0,-9.447311047753068e-06,0.0,0.0,-0.00026085491255537754
1731474160.7198498,-0.31146132946014404,0.49782794713974,-9.991044998168945,6.711809143760811e-09,1.997792527141552e-08,-8.347156615637349e-05,8.375971704089824e-12,2.493136100798529e-11,-0.0002644664491560311
1731474160.7696915,-0.27925825119018555,0.5191643238067627,-9.976333618164062,8.823839435328995e-08,1.5735102351268807e-07,-0.00037191654286353496,1.322794083478846e-10,2.6562028185303126e-10,-0.0002685879107017438
1731474160.8196826,-0.26903486251831055,0.5131709575653076,-9.989280700683594,5.290979745206017e-07,6.225665029641862e-07,-0.0011407776822688338,1.0309154330047364e-09,1.485498852306651e-09,-0.00027466371346629106
1731474160.8696597,-0.2614664137363434,0.5186227560043335,-10.001703262329102,2.037775087693397e-06,1.7007631226499855e-06,-0.002760505862256199,5.142912481252417e-09,5.61361881188161e-09,-0.00028561886698062023
1731474160.9207711,-0.2740640342235565,0.5009732246398926,-9.956851959228516,5.866716122999083e-06,3.708497332214007e-06,-0.00568519209682737,1.981936632317032e-08,1.699974622666065e-08,-0.0003080417202741274
1731474160.9705622,-0.274027019739151,0.5083372592926025,-10.000702857971191,1.3774580740251167e-05,7.014367625368288e-06,-0.01043356660954693,5.812342001865678e-08,4.11676207209516e-08,-0.0003494561254666507
1731474161.02048,-0.2422710508108139,0.5382094979286194,-10.02502155303955,2.7922887302836743e-05,1.2053489154170366e-05,-0.01757177788389252,1.496820258801972e-07,8.980169996772489e-08,-0.0004269177919369704
1731474161.070523,-0.2966766655445099,0.5066756010055542,-9.966814994812012,5.081190468984228e-05,1.9250865342764862e-05,-0.02769796734552748,3.3727279995998436e-07,1.7645541952012957e-07,-0.0005592582473005727
1731474161.1204453,-0.24885393679141998,0.5543649792671204,-9.974495887756348,8.520103313535386e-05,2.8915236391932234e-05,-0.04142832474233932,6.993050112597652e-07,3.2517135840744794e-07,-0.0007807898315236973
1731474161.1704516,-0.2737577557563782,0.5325854420661926,-10.017370223999023,0.0001339992415144726,4.115555942168127e-05,-0.05938445816817672,1.3274756975036482e-06,5.585070489709076e-07,-0.0011239513460781303
1731474161.2202854,-0.2737577557563782,0.5325854420661926,-10.017370223999023,0.0002001993227458552,5.581594020027364e-05,-0.0821823167599687,2.3766585533519845e-06,9.143601649076113e-07,-0.0016459986028733097
1731474161.2202854,-0.2906055152416229,0.5151991844177246,-9.989680290222168,0.000286791383631054,7.250598511078826e-05,-0.110422604161274,2.384844608468019e-06,9.170404373130387e-07,-0.0016499331907559476
1731474161.2703397,-0.3137006163597107,0.5183002948760986,-9.986680030822754,0.00039658599835750655,9.073475253663994e-05,-0.14468227736467126,4.163704866542896e-06,1.4513032070462756e-06,-0.0024483470024941113
1731474161.3202085,-0.3133438229560852,0.5345419645309448,-10.003192901611328,0.0005319963024780605,0.00011001833549016892,-0.18550703256565218,7.134532666621248e-06,2.2453593734748937e-06,-0.003672965138248261
1731474161.370244,-0.3098906874656677,0.528404951095581,-10.000290870666504,0.0006948713473992747,0.00012987668468000916,-0.23340494333095863,1.1591391415365558e-05,3.327543174018962e-06,-0.005402546403509019
1731474161.4202275,-0.3098906874656677,0.528404951095581,-10.000290870666504,0.00088645692547694,0.00014977720256243593,-0.28884122253077316,1.809104827275283e-05,4.774487729287703e-06,-0.007809876645036036
1731474161.4202275,-0.33454248309135437,0.49304723739624023,-9.936529159545898,0.0011074293118194447,0.00016915254724398913,-0.35223385862255113,1.8135448073629332e-05,4.784018704475342e-06,-0.007826028399575174
1731474161.470167,-0.3619610667228699,0.5299280881881714,-10.047443389892578,0.001357852489601117,0.0001875142054397009,-0.4239500187521067,2.72837969202914e-05,6.620741160314997e-06,-0.011068403631718718
1731474161.5199888,-0.36124423146247864,0.5293492674827576,-9.995766639709473,0.001637021632910907,0.00020451090554690326,-0.5043034103013266,4.030993607302679e-05,8.974844740936583e-06,-0.015518977589013407
1731474161.570011,-0.36124423146247864,0.5293492674827576,-9.995766639709473,0.0019433334766212312,0.00021984297927391775,-0.5935525606779962,5.771864105917744e-05,1.184382707790586e-05,-0.02131080083380216
1731474161.570011,-0.3769206404685974,0.5511707663536072,-9.91990852355957,0.0022742906849431204,0.00023314166775251062,-0.6918995599619601,5.782957466010143e-05,1.1861406368373759e-05,-0.02134733768292345
1731474161.6198852,-0.3769206404685974,0.5511707663536072,-9.91990852355957,0.002626570020069407,0.00024387557192292396,-0.7994890767564609,8.092346066904884e-05,1.530648125520462e-05,-0.0288717800640693
1731474161.6198852,-0.3783719837665558,0.543317973613739,-9.976374626159668,0.002996085068442805,0.0002512730103054709,-0.9164079565674149,8.10664166852594e-05,1.532680558854343e-05,-0.028917977413746944
1731474161.6698837,-0.24439649283885956,0.7247949242591858,-9.980547904968262,0.0033781948518889497,0.00025415635352163087,-1.0426857364837745,0.00011138761668077937,1.9360270135797894e-05,-0.03865630975833585
1731474161.7198694,0.5133981704711914,1.6614665985107422,-9.919093132019043,0.0037689717407584956,0.0002495493050371668,-1.1782958874254246,0.00015117299661741442,2.4092257527914296e-05,-0.05134109188752577
1731474161.769799,0.2999531030654907,1.1952157020568848,-10.016883850097656,0.004168379130627981,0.00022909231389215085,-1.3231573262164527,0.00020027094041300092,2.9356036567558695e-05,-0.06695868046650023
1731474161.8197489,0.4892212450504303,1.505788803100586,-9.938413619995117,0.004583640187562172,0.00017567075293424924,-1.4771361978110447,0.0002610709899624279,3.5202989257945397e-05,-0.08631935209569087
1731474161.8706505,0.4892212450504303,1.505788803100586,-9.938413619995117,0.005030408946885223,6.283640361428577e-05,-1.6400479875529959,0.00033457010240560046,4.13934773167217e-05,-0.1097951865225202
1731474161.8706505,-0.516516387462616,-0.022402653470635414,-9.965340614318848,0.005531309226190247,-0.00014288898094751235,-1.8116597767552414,0.00033504854064668737,4.14309777640816e-05,-0.1099482587928074
1731474161.9206002,-0.9550522565841675,-0.21024510264396667,-10.16689682006836,0.006111045685929503,-0.00047552194826991714,-1.9916929410643553,0.00042145462075590656,4.701224014593808e-05,-0.13763887917298626
1731474161.9705899,-0.7593311667442322,-0.04050649330019951,-10.03207015991211,0.006789082628316317,-0.0009605624062030022,-2.1798266303528657,0.0005235661926606259,5.07997700910891e-05,-0.17040900928782846
1731474162.0203743,-0.5015047788619995,0.2697582244873047,-10.028075218200684,0.007575090764106019,-0.0016102620806388022,-2.375701321919893,0.0006430210362938448,5.141411239552181e-05,-0.2086783510049392
1731474162.0706327,-0.6376875638961792,0.10086476802825928,-9.939265251159668,0.008469618437705311,-0.0024252070576136647,-2.578921635600898,0.000784945826439341,4.693611295481063e-05,-0.25391109691355607
1731474162.1203902,-0.4812456965446472,0.29825708270072937,-9.977543830871582,0.009466740782862094,-0.0033976534889878706,-2.7890587452548705,0.0009488835510103925,3.511693476131283e-05,-0.3057190728255485
1731474162.1703827,-0.5795964598655701,0.24074093997478485,-9.958183288574219,0.010555879951298218,-0.004513792045403556,-3.0056530972378477,0.001134458802820353,1.380583908648068e-05,-0.36371195428850367
1731474162.2203078,-0.508014976978302,0.46040502190589905,-9.957934379577637,0.011722865219495861,-0.005755460736627407,-3.228217573095246,0.0013521104105203607,-2.089771651451976e-05,-0.43081125888302385
1731474162.2702415,-0.508804440498352,0.4490143060684204,-9.982624053955078,0.012950753088870308,-0.007101960209084811,-3.456240866943832,0.0015965900183967819,-7.091729567639558e-05,-0.505040959536819
1731474162.320172,-0.48865872621536255,0.4541880786418915,-9.978496551513672,0.014220587847864884,-0.008531727195938095,-3.6891909384032058,0.0018765859013526599,-0.0001407133941679895,-0.5886827079905547
1731474162.370213,-0.5410983562469482,0.4174778163433075,-9.919493675231934,0.015512083495759568,-0.010023319836842647,-3.926518432151796,0.0021946043021148433,-0.00023393241392009341,-0.6820982075604437
1731474162.4201007,-0.47556886076927185,0.47924375534057617,-9.938119888305664,0.01680408062515803,-0.01155570981511584,-4.167659871180572,0.0025528482996460067,-0.00035409565393523936,-0.7855792835322506
1731474162.47022,-0.47460830211639404,0.529241681098938,-10.030539512634277,0.01807494191860407,-0.013108506398050758,-4.412040779941237,0.0029541731160286247,-0.0005048986900570606,-0.8996372940540754
1731474162.5199964,-0.4850676357746124,0.5224998593330383,-9.974165916442871,0.01930305805918977,-0.014662452370262976,-4.65907908338136,0.0034014247148048153,-0.0006900481667393484,-1.0248157552714388
1731474162.5699408,-0.48955443501472473,0.4771479666233063,-9.996931076049805,0.020467264899200956,-0.016199856559771814,-4.908188548598506,0.0038982770038746184,-0.0009136512357406036,-1.1619303539002588
1731474162.6199024,-0.4665283262729645,0.4885329604148865,-9.979948997497559,0.021547063871501786,-0.017704604938788893,-5.1587818494346855,0.004449592389524125,-0.0011805390502494404,-1.312162674673329
1731474162.669962,-0.46965348720550537,0.5105751752853394,-9.998185157775879,0.022522822639925517,-0.019161951625058807,-5.4102733484512235,0.0050530366097793844,-0.0014919943264162098,-1.4748076291600194
1731474162.7198188,-0.4509274959564209,0.5246589779853821,-10.004263877868652,0.023376032970754274,-0.020558481490607662,-5.662081817900743,0.005716585487598789,-0.0018545147643301884,-1.6520290038168066
1731474162.7698064,-0.4414564073085785,0.5083518624305725,-9.974061965942383,0.02408956195350294,-0.021882241749713108,-5.913633071422011,0.006436627508168823,-0.002268459098575617,-1.8429665877715622
1731474162.8197534,-0.41812509298324585,0.5166147947311401,-9.975350379943848,0.024647888214173953,-0.0231228031228264,-6.164362373595324,0.0072194639146136805,-0.0027397063916124583,-2.0494999664832685
1731474162.8696876,-0.38708367943763733,0.5227304100990295,-9.974908828735352,0.02503735597103033,-0.024271204045132076,-6.41371661513212,0.008062927411553487,-0.0032692469363171336,-2.2713672173066626
1731474162.9196005,-0.36882284283638,0.5231413841247559,-9.979649543762207,0.025246455690453053,-0.02531989530753563,-6.661156386873249,0.008969428625914735,-0.00386082752560011,-2.5096267742374585
1731474162.970591,-0.3273898661136627,0.5379171371459961,-10.020581245422363,0.025266103454840524,-0.026262723608488588,-6.906158038026428,0.009958939036820666,-0.00453050433818484,-2.7700806447881634
1731474163.0204976,-0.3273898661136627,0.5379171371459961,-10.020581245422363,0.02508987393095759,-0.02709492772733773,-7.148215715306177,0.010993617969719803,-0.0052550530819744385,-3.0434290472175327
1731474163.0204976,-0.3707225024700165,0.505232036113739,-9.976547241210938,0.024714070436642754,-0.027813095292420976,-7.386843240216276,0.010998207830057321,-0.005258318676833474,-3.044644443069272
1731474163.070438,-0.3476724922657013,0.5362069010734558,-9.949875831604004,0.024137508658813967,-0.028415019935883693,-7.621575567629881,0.012085709225448608,-0.006045932488437736,-3.3341319451417877
1731474163.1203568,-0.3835640251636505,0.5246970653533936,-9.991329193115234,0.02336113014771656,-0.028899542626560693,-7.851969865965913,0.013239453913549595,-0.006909985955078967,-3.6447692931818785
1731474163.1703653,-0.3614824414253235,0.5287243723869324,-9.99287223815918,0.02238765603251345,-0.029266480402331374,-8.07760659248113,0.014452165005602832,-0.007848059415558379,-3.975795134715717
1731474163.2202575,-0.377625972032547,0.5039097666740417,-9.963214874267578,0.02122132873474422,-0.029516556167560812,-8.298090654894969,0.015718172065888103,-0.008858628391113647,-4.326950961370568
1731474163.2702463,-0.3766827881336212,0.5053097605705261,-10.006082534790039,0.01986771295075416,-0.029651237556529993,-8.513052403287585,0.0170346536159081,-0.009942359326965218,-4.69885615554236
1731474163.3201778,-0.37935033440589905,0.516689121723175,-9.970401763916016,0.018333517667887354,-0.029672557330698575,-8.722148397751518,0.018403211905716442,-0.011103871356553751,-5.0935431303190235
1731474163.3702471,-0.40080633759498596,0.4964871406555176,-10.002296447753906,0.016626406898643503,-0.029583013677397733,-8.925062047843547,0.0198119081320174,-0.012336410244389494,-5.509256305585669
1731474163.4201424,-0.38300633430480957,0.5083088278770447,-10.015450477600098,0.014754800851372535,-0.0293855174662502,-9.121504138175368,0.021260452816322946,-0.013643162706987351,-5.947699826136922
1731474163.470025,-0.443865567445755,0.4779611825942993,-10.014248847961426,0.012727666989000585,-0.029083308709369822,-9.311213270912052,0.022739122599082832,-0.015018973140793321,-6.407839667413341
1731474163.5200374,-0.3783123791217804,0.5307408571243286,-9.943964958190918,0.010554304835888269,-0.028679872531324757,-9.493956110614153,0.024257773978445973,-0.016477318354767748,-6.894939692424128
1731474163.569949,-0.4149475693702698,0.529784619808197,-9.995633125305176,0.008244218684996089,-0.028178974171917753,-9.6695272650436,0.025784084315084242,-0.017991153943162922,-7.400785339635478
1731474163.6199312,-0.4006003737449646,0.5575022101402283,-9.984058380126953,0.005807116120486104,-0.027584842484439608,-9.83774900851461,0.02735069710980282,-0.019597756331332577,-7.938734914480365
1731474163.6698508,-0.4396592080593109,0.5405032634735107,-9.956144332885742,0.003252868460302129,-0.026902352948430193,-9.99847107507606,0.028896700760721195,-0.021238907561296847,-8.49020997189591
1731474163.719805,-0.4295702874660492,0.5543187260627747,-9.9859037399292,0.0005913445115146962,-0.02613707666784653,-10.151570373695211,0.03046862223635043,-0.022968548103829527,-9.074321177077344
1731474163.7697442,-0.42668965458869934,0.5741111636161804,-9.961564064025879,-0.002167761018133936,-0.02529524127291898,-10.296950551115499,0.03203091893071871,-0.024753752937880444,-9.681027648374032
1731474163.8196783,-0.4360142648220062,0.5671287775039673,-9.956544876098633,-0.0050149933148013505,-0.024383715841999568,-10.434541481982485,0.033597038442018085,-0.02661608650344413,-10.318784726297265
1731474163.8696399,-0.4315682351589203,0.557338535785675,-9.982433319091797,-0.007941136328277032,-0.023409991358855874,-10.564298669008513,0.035130450712706124,-0.028517995830214176,-10.975843583684647
1731474163.9195507,-0.42473089694976807,0.5397765636444092,-10.009066581726074,-0.010937209062967626,-0.02238204086110341,-10.686202634905168,0.03665497693997272,-0.030495626967991046,-11.665870522412831
1731474163.9695463,-0.42673540115356445,0.5290296673774719,-9.97465991973877,-0.013994439267267194,-0.021308063246662085,-10.800258362382449,0.03813351223468154,-0.0325079011636971,-12.3757258065121
1731474164.0205133,-0.41879597306251526,0.5388911366462708,-9.974834442138672,-0.01710421423916341,-0.020196225982594084,-10.906494576258432,0.03961520596816764,-0.03463259991399048,-13.134358102125224
1731474164.070491,-0.38974595069885254,0.5596628785133362,-10.005626678466797,-0.020258013407875496,-0.01905453309420218,-11.004962795065873,0.041012329433849394,-0.03675278507513045,-13.901307848176677
1731474164.1204576,-0.38974595069885254,0.5596628785133362,-10.005626678466797,-0.023447280597354285,-0.01789086004579491,-11.09573638144756,0.042360422595274366,-0.03892762863606568,-14.698948300732804
1731474164.1204576,-0.38453778624534607,0.5208667516708374,-9.979079246520996,-0.026663278673254638,-0.01671301011563531,-11.178909639136206,0.042368029373361094,-0.0389403054439364,-14.703630581350158
1731474164.1704335,-0.3518224358558655,0.524154782295227,-9.996140480041504,-0.029897001479195835,-0.01552860289059015,-11.254596765753064,0.04363672032803169,-0.04113526796622964,-15.521169031624424
1731474164.2203336,-0.34355854988098145,0.5191760063171387,-10.006608963012695,-0.033139087842069044,-0.014344847350072699,-11.32293068837035,0.04483809288702962,-0.043386600138256695,-16.373949059622074
1731474164.270315,-0.3270731568336487,0.5440074801445007,-9.949302673339844,-0.03637969783277935,-0.013168415934065772,-11.384061903777189,0.045950847896296554,-0.04566849630950735,-17.253615662898557
1731474164.3202639,-0.3096349239349365,0.5479848384857178,-10.00139331817627,-0.03960841720938764,-0.012005500419078967,-11.438157249016403,0.04697619959629778,-0.04799908153423243,-18.168570761147198
1731474164.3701947,-0.3083556592464447,0.5252760648727417,-10.021833419799805,-0.042814219480463836,-0.010861931238329247,-11.485398678541358,0.04788538367119003,-0.05032574291063362,-19.09924195883504
1731474164.4201214,-0.32990550994873047,0.5256478190422058,-9.975671768188477,-0.045985513774319295,-0.009743191551684028,-11.525982202200844,0.04869392762600254,-0.05270477937653544,-20.069331870603214
1731474164.4701505,-0.3092363774776459,0.5399481058120728,-9.969268798828125,-0.04911031997701325,-0.008654333280464518,-11.560116752913935,0.049379582860218124,-0.055094181120646894,-21.063086333606847
1731474164.520042,-0.2887982428073883,0.5596032738685608,-9.972800254821777,-0.052176458488754435,-0.007599972363273438,-11.588022817186705,0.049941338445027884,-0.05751412217972136,-22.090061870057404
1731474164.5699935,-0.3595009446144104,0.7189980745315552,-9.982955932617188,-0.05517167329608889,-0.00658456569140684,-11.609931081971117,0.05036597431618143,-0.059935281238304494,-23.138887566980817
1731474164.6199439,-0.6427477598190308,1.415651559829712,-9.925313949584961,-0.05808413404852957,-0.005613729473632461,-11.626081213848837,0.05065143807696452,-0.062383182563404097,-24.22167820508418
1731474164.6699345,-0.6165494918823242,0.5551245808601379,-9.866538047790527,-0.060903805093909566,-0.004696656817445147,-11.636720519588671,0.05078811895954424,-0.06484001972764658,-25.331734929099404
1731474164.719879,-1.4786083698272705,0.4926488995552063,-10.089213371276855,-0.06362475212320402,-0.0038466436115818722,-11.642102567871403,0.05076954294760495,-0.06731117775533436,-26.472504324897272
1731474164.7698503,-0.5003513693809509,0.51936936378479,-9.853687286376953,-0.06624777102434973,-0.003078086364324336,-11.6424862274515,0.050588460727126514,-0.0697934040465134,-27.643515858686385
1731474164.8198128,0.04512631148099899,0.05102386325597763,-10.057523727416992,-0.06878018011232157,-0.0024029760625566008,-11.638134907835596,0.05023806041679212,-0.07228420097528768,-28.844501907364616
1731474164.869673,0.020476045086979866,0.24266284704208374,-10.213884353637695,-0.07123062268520065,-0.0018287075060674193,-11.629315851048588,0.049716166519483684,-0.07476402990097047,-30.06654611695994
1731474164.9197352,-0.06659018248319626,0.2546806335449219,-9.995284080505371,-0.07360325902179349,-0.0013568497115313523,-11.616299859675921,0.04900767556761475,-0.07727103172316782,-31.329176158821337
1731474164.9696233,-0.22866807878017426,0.2495405673980713,-9.991610527038574,-0.07589615816505837,-0.0009833686855476704,-11.599360682205354,0.04811868767849696,-0.07976089549140811,-32.61061724404836
1731474165.0195842,-0.17199070751667023,0.28089892864227295,-9.977840423583984,-0.07810285680945236,-0.0006998153226908367,-11.57877331854893,0.047031591135046194,-0.08226787747146519,-33.9287937179367
1731474165.0705101,-0.17834487557411194,0.4154818058013916,-9.964560508728027,-0.08021415349529029,-0.0004944694675765261,-11.554812191598076,0.04572835033673181,-0.08480782524904051,-35.2930900081833
1731474165.1204085,-0.17834487557411194,0.4154818058013916,-9.964560508728027,-0.08221903824220007,-0.00035357988543965803,-11.527749885916354,0.04424221388171824,-0.08730773593820455,-36.664298669895615
1731474165.1204085,-0.16542883217334747,0.4964807629585266,-9.969206809997559,-0.08410509784848554,-0.0002627095088472018,-11.497856196702418,0.04423335613013524,-0.0873216727227009,-36.67202217356295
1731474165.1703877,-0.23587629199028015,0.5165247917175293,-9.943984985351562,-0.0858589099940846,-0.0002078075680862322,-11.465397294098643,0.04254684853427712,-0.08980817928648138,-38.06405555915829
1731474165.220306,-0.22092512249946594,0.4952094256877899,-9.973434448242188,-0.08746658667431449,-0.00017591183733708867,-11.430634954653414,0.04063188650541186,-0.0923136995168547,-39.49498255314976
1731474165.2703137,-0.2323492467403412,0.5198451280593872,-9.967941284179688,-0.08891436524256635,-0.00015547277799326481,-11.393825875602527,0.03849763299092487,-0.09481829024388277,-40.95365250902539
1731474165.3203123,-0.25136658549308777,0.5174309611320496,-9.953958511352539,-0.09018904798441646,-0.00013638960920583758,-11.355221092664472,0.03613657369181519,-0.09732643567473946,-42.44264269830037
1731474165.37022,-0.22930991649627686,0.5732638835906982,-9.989588737487793,-0.09127827900854463,-0.00011002863697270131,-11.315065429423559,0.033555146288141435,-0.09982855755900127,-43.95614933183366
1731474165.4201612,-0.27895158529281616,0.5520592331886292,-10.02342414855957,-0.09217075466229337,-6.934842902721383e-05,-11.273597039426008,0.030737929882114764,-0.10233712853774601,-45.50166376064822
1731474165.4701998,-0.257144570350647,0.5125899314880371,-9.987648010253906,-0.09285642178152469,-8.955823911861969e-06,-11.231047115061811,0.0277015104471039,-0.10483594955147241,-47.069118006737185
1731474165.520094,-0.27159884572029114,0.5109673142433167,-10.002777099609375,-0.09332666110404142,7.51250187502863e-05,-11.187639562245643,0.024412322873602517,-0.10735057766605441,-48.674650833104614
1731474165.5700138,-0.2805241048336029,0.5076335072517395,-10.030702590942383,-0.09357439458836289,0.00018585164478886944,-11.143590551798338,0.020923947310601276,-0.1098400793550114,-50.292023254071836
1731474165.6199641,-0.29612553119659424,0.549163281917572,-9.971040725708008,-0.09359415435419566,0.00032540882000437794,-11.099108105671913,0.017167135662459452,-0.11235335747393103,-51.953093035392776
1731474165.6699429,-0.11691132932901382,0.7504041194915771,-9.982314109802246,-0.09338201338687388,0.0004950094312362423,-11.054391667937661,0.01320265419558589,-0.1148488214078814,-53.63064335004697
1731474165.7198658,0.6160908341407776,1.6543776988983154,-9.985828399658203,-0.09293436463818228,0.0006932610929985025,-11.00963159936325,0.008984287254601535,-0.11735594441717596,-55.344623331446655
1731474165.7698388,0.2742922902107239,1.1484307050704956,-9.935419082641602,-0.09224483083403977,0.0009125326539956901,-10.965008751111625,0.004561487992834427,-0.1198458308190237,-57.07548552966594
1731474165.8198068,0.2742922902107239,1.1484307050704956,-9.935419082641602,-0.09130155917091425,0.001136160731328946,-10.920694096820998,-0.000129560863471254,-0.1223545197815057,-58.848664924099545
1731474165.8198068,0.5598775744438171,1.5156831741333008,-9.900559425354004,-0.09008714654853085,0.001338981908790398,-10.87684833108395,-0.00015666969420434604,-0.12236866006990048,-58.85874327956527
1731474165.8697546,-0.5117053389549255,-0.020943261682987213,-10.053956031799316,-0.08858037313029705,0.0014900014293743045,-10.833621667817857,-0.0050065073637609765,-0.12483959949268843,-60.63454401368895
1731474165.9196506,-0.9748305082321167,-0.22038394212722778,-10.095508575439453,-0.08676026487298966,0.00155785691826825,-10.791154220695493,-0.010120274865031361,-0.12733017410212144,-62.45406053954367
1731474165.9696872,-0.8960928916931152,-0.2285120189189911,-10.036360740661621,-0.08461286384960218,0.0015189901256689525,-10.749576798305448,-0.01543589558942705,-0.1298113335688014,-64.29630980413064
1731474166.0196366,-0.8960928916931152,-0.2285120189189911,-10.036360740661621,-0.08213636513682482,0.001363110635210829,-10.709011336242323,-0.02099583598490637,-0.1323051888624483,-66.17761651377435
1731474166.0196366,-0.5056830048561096,0.34094709157943726,-10.030682563781738,-0.07934137778281564,0.0010930114594356515,-10.66957071752943,-0.02102716089396278,-0.1323189717427582,-66.188096218791
1731474166.069539,-0.6234802007675171,0.0900634303689003,-9.969280242919922,-0.07624797788501217,0.0007210114712693073,-10.63135843403923,-0.026711554464903767,-0.1347777868860917,-68.07143567879366
1731474166.120549,-0.6234802007675171,0.0900634303689003,-9.969280242919922,-0.0728824977635738,0.00026526715266235625,-10.594468281490087,-0.032766469100677244,-0.13731270455408792,-70.04132030487304
1731474166.120549,-0.49311283230781555,0.2666221857070923,-9.95162296295166,-0.06927558088691428,-0.00025212911184064956,-10.558984081701013,-0.03280484778440232,-0.13732851975993438,-70.0536988201799
1731474166.1704626,-0.5917204022407532,0.2500773072242737,-9.959190368652344,-0.06546104251029407,-0.000806199412293918,-10.524979583663361,-0.03882890012678564,-0.13977880007441013,-71.98367089413046
1731474166.2203753,-0.5344301462173462,0.44564783573150635,-9.94918155670166,-0.06147486095339098,-0.0013706336570981788,-10.492518587800419,-0.045125688650633926,-0.1422780274405843,-73.9763958403683
1731474166.2703657,-0.5411988496780396,0.44175106287002563,-10.002894401550293,-0.05735443416059199,-0.0019195410976760793,-10.461655234487367,-0.05149726759817122,-0.1447523559644543,-75.97207023066343
1731474166.3203707,-0.4982243478298187,0.440775603055954,-9.996415138244629,-0.0531379626307813,-0.0024288407115433067,-10.432434466501874,-0.05808922701837456,-0.1472636897871188,-78.01949905596484
1731474166.3701982,-0.5401157140731812,0.4218352735042572,-9.947385787963867,-0.04886378341536079,-0.0028769415554492144,-10.404892531659439,-0.064667854774969,-0.14972869842739503,-80.04944897309288
1731474166.4201555,-0.5067511796951294,0.471881628036499,-9.999462127685547,-0.044569841166603036,-0.0032447902211272268,-10.379057296192485,-0.07147413103826163,-0.15224302203073606,-82.13962814002522
1731474166.4702005,-0.4705067574977875,0.552297055721283,-9.99241828918457,-0.040293285437801134,-0.0035159022382554852,-10.354948493363885,-0.07837316498758241,-0.15476079745887864,-84.25161590842008
1731474166.520082,-0.46714261174201965,0.5296739935874939,-9.957019805908203,-0.03606999050086504,-0.0036766950870062358,-10.332578096872664,-0.08534564304376971,-0.15727961209657376,-86.38273367679737
1731474166.5699782,-0.5027879476547241,0.7166739106178284,-10.007081985473633,-0.03193408514548363,-0.0037169586167916106,-10.311950681185312,-0.09243820022161732,-0.15982028734081913,-88.55038080233818
1731474166.619982,-0.7795722484588623,1.4734464883804321,-9.913012504577637,-0.027918009847392157,-0.0036311019576589967,-10.293063692495767,-0.09954250091057386,-0.16234768957285464,-90.72447803071809
1731474166.6698933,-0.6510591506958008,0.6669668555259705,-9.871582984924316,-0.024053393482666427,-0.003420590826523495,-10.275907576588267,-0.1067319140146978,-0.16489119317324763,-92.93040678736953
1731474166.7198677,-0.7435884475708008,0.8559263348579407,-9.995081901550293,-0.020371998176891983,-0.0030949395772375704,-10.26046579499478,-0.11401872739762264,-0.16745763480037512,-95.17487337424193
1731474166.7698317,-1.0246074199676514,0.7830585241317749,-10.052181243896484,-0.016906178819420935,-0.002669602480563782,-10.246715284092186,-0.12133406845435622,-0.17002490639150883,-97.43941882717935
1731474166.819787,-0.6633448600769043,-0.09543535858392715,-9.869963645935059,-0.013689295828449473,-0.002162699891864542,-10.234627408120941,-0.12866816887203641,-0.17259140951185764,-99.72347604032574
1731474166.869679,0.09758414328098297,0.14885461330413818,-10.152352333068848,-0.010754809140700601,-0.0015910734105988068,-10.224168667717802,-0.13601480849699837,-0.1751563538355429,-102.02734969861987
1731474166.9196308,-0.10657283663749695,0.15302258729934692,-10.094240188598633,-0.0081323289024599,-0.0009663748927420282,-10.215301339520549,-0.1434384769468059,-0.17774314388326976,-104.37353934973129
1731474166.9695954,-0.24901315569877625,0.22527316212654114,-9.930318832397461,-0.005843408687878176,-0.0002939250880908234,-10.207984335377384,-0.15084255922606563,-0.18031861154692597,-106.73347904203578
1731474167.0195537,-0.2635975480079651,0.19347549974918365,-10.03125,-0.003900908745415458,0.00042601237259318805,-10.202173450766741,-0.15827817678520364,-0.18290065472029685,-109.12506118863745
1731474167.0694854,-0.25550612807273865,0.27125734090805054,-9.987833023071289,-0.0023108454498567675,0.0011968506820565965,-10.197821063001689,-0.16571330488129565,-0.18547781367081906,-111.53943706203248
1731474167.1204903,-0.25550612807273865,0.27125734090805054,-9.987833023071289,-0.0010739169490575702,0.002024669305584884,-10.19487618524336,-0.17331640603823342,-0.18810752936364838,-114.0332135263505
1731474167.1204903,-0.23449304699897766,0.3860339820384979,-9.952412605285645,-0.00018622979974373965,0.002917218214040147,-10.193284765499461,-0.1733608200089072,-0.18812287265208236,-114.0478563676398
1731474167.1704047,-0.27211546897888184,0.46041738986968994,-9.987509727478027,0.00036020707099800335,0.003882789971365548,-10.192989878906266,-0.180763627317842,-0.19067559293069156,-116.50128752000508
1731474167.220449,-0.22294831275939941,0.4955655038356781,-9.976760864257812,0.0005769855606580564,0.004928992927698024,-10.19393198795143,-0.1882330139570034,-0.19324064710664196,-119.00267724711874
1731474167.2703028,-0.29952070116996765,0.47761327028274536,-9.947431564331055,0.0004787822062643537,0.006061776770297936,-10.196049322334568,-0.19565776056603654,-0.1957771352997715,-121.51495970029328
1731474167.3202782,-0.2390664666891098,0.5071632862091064,-9.96912670135498,8.282595262379207e-05,0.007285022777607881,-10.199278201053449,-0.2030920336107747,-0.19830050252811943,-124.05608857153204
1731474167.3702247,-0.2619829773902893,0.5499357581138611,-9.986207962036133,-0.0005915912722748355,0.008600498619136922,-10.203553327719382,-0.21051515313796992,-0.20080013124186177,-126.61854214869116
1731474167.4201815,-0.29614388942718506,0.557115912437439,-10.006966590881348,-0.0015235070964967096,0.010007797757440783,-10.20880823761654,-0.21798046860861867,-0.2032897820213942,-129.22019446321966
1731474167.4701643,-0.2842969596385956,0.5422245264053345,-9.993300437927246,-0.002690719616767474,0.011504266779686863,-10.214975840013691,-0.225419767901336,-0.20574218272501524,-131.83641878183846
1731474167.5200758,-0.3237045407295227,0.5025440454483032,-10.022774696350098,-0.004070295491589433,0.013085174532009764,-10.22198887608246,-0.23288884833459025,-0.20817088073834705,-134.4856854440139
1731474167.570104,-0.304080992937088,0.5387887954711914,-10.006502151489258,-0.00563901874729838,0.014744138289413877,-10.229780274015697,-0.2403652402160655,-0.21056321338305162,-137.15881137732143
1731474167.6199863,-0.31559836864471436,0.5186578035354614,-10.001282691955566,-0.007373722754285154,0.016473530744701613,-10.23828343369921,-0.24786133642281455,-0.2129175952922947,-139.858764206314
1731474167.6699455,-0.3472784459590912,0.548546552658081,-10.006768226623535,-0.009251537127042273,0.018264701182431044,-10.247432418004031,-0.2553568511176836,-0.21522201832424656,-142.5765693081881
1731474167.719859,-0.3457614779472351,0.5572443008422852,-9.950666427612305,-0.011250149333030666,0.020108072322252327,-10.2571620533156,-0.26288481298071376,-0.21748076247523854,-145.32242153829154
1731474167.7698534,-0.38967204093933105,0.5511984825134277,-9.947484970092773,-0.013348120275800717,0.021993192721184843,-10.267407917781396,-0.27044772197870254,-0.21968827071412741,-148.09543020706568
1731474167.8198857,-0.4002406895160675,0.520408034324646,-9.988666534423828,-0.015525207352488333,0.0239088576859394,-10.278106298818113,-0.27807640943810885,-0.2218467879615121,-150.90505369903468
1731474167.8697584,-0.4084441363811493,0.5258782505989075,-9.968122482299805,-0.017762656489161952,0.025843394159163816,-10.28919435665189,-0.2856695190555664,-0.22392196927542218,-153.71186817605
1731474167.9197118,-0.4301626682281494,0.5229345560073853,-9.957510948181152,-0.02004339929692818,0.027784997346175663,-10.300610444655138,-0.2933882231957476,-0.22595141909984348,-156.57338124000927
1731474167.969659,-0.41579771041870117,0.5198242664337158,-9.984099388122559,-0.02235213363993259,0.029721961832439407,-10.312294341286494,-0.3010947690218809,-0.227892416683966,-159.4364720241089
1731474168.0196166,-0.41738006472587585,0.5069164037704468,-9.992772102355957,-0.024675298143092612,0.0316428300627362,-10.324187450056275,-0.3089268430567334,-0.2297732962711426,-162.35015916214064
1731474168.06953,-0.42933446168899536,0.48471972346305847,-9.986830711364746,-0.027000955700347898,0.033536564356804924,-10.336233083924535,-0.31673787060353586,-0.23155309513940986,-165.25779966685292
1731474168.1195025,-0.4029156267642975,0.4935304522514343,-9.959948539733887,-0.02931865307553715,0.035392761108582665,-10.34837668903437,-0.32469760053314267,-0.23326458750612167,-168.22043882719117
1731474168.1705012,-0.3817252516746521,0.5115475058555603,-10.00704574584961,-0.031619237568758896,0.03720179718747168,-10.360565920555358,-0.3328649115982877,-0.2349104298907414,-171.25779399881625
1731474168.2204661,-0.36732563376426697,0.506420373916626,-9.940675735473633,-0.03389456088349423,0.03895481372568724,-10.372750692536144,-0.34097502835594823,-0.2364318371385796,-174.26929959579888
1731474168.2703533,-0.3569742441177368,0.48454442620277405,-9.957109451293945,-0.03613714840810281,0.040643644564956324,-10.384883199109346,-0.3491217396712342,-0.23784500758299024,-177.2878839558311
1731474168.320453,-0.32014575600624084,0.5220609307289124,-10.007949829101562,-0.03833992692074712,0.0422608234737719,-10.396917897334443,-0.357450946497324,-0.23916930275912465,-180.36551244711933
1731474168.3703187,-0.32703259587287903,0.5110530853271484,-10.006678581237793,-0.04049598840728422,0.04379958250863246,-10.408811675051538,-0.3657835712066344,-0.2403715940758783,-183.43406205027847
1731474168.4203556,-0.2884915769100189,0.5135928392410278,-9.9750337600708,-0.042598386552998704,0.045253770257174045,-10.42052415754609,-0.37431753240540616,-0.2414758512544168,-186.5644619963917
1731474168.4702427,-0.2992408573627472,0.52889484167099,-10.00160026550293,-0.04463999450959884,0.046617782816687575,-10.432017820980647,-0.38284444910749377,-0.24245135627558312,-189.67846754158717
1731474168.5202298,-0.24781231582164764,0.5297985672950745,-9.992883682250977,-0.046613401127992844,0.04788651821421824,-10.443257936485601,-0.3915729537538724,-0.24331873642948196,-192.85052542513796
1731474168.5700824,-0.21631523966789246,0.5367860794067383,-10.009201049804688,-0.04851076783556654,0.04905530837467719,-10.4542125662259,-0.400373734251968,-0.2440606947353675,-196.03181107690918
1731474168.6200504,-0.2374487668275833,0.5250668525695801,-9.978850364685059,-0.05032363809506395,0.05011987481101124,-10.464852588683865,-0.4093028300571688,-0.24467970902463612,-199.24105621652186
1731474168.6699843,-0.24436978995800018,0.5449917912483215,-9.986490249633789,-0.052042894018455355,0.051076336573860265,-10.47515163431692,-0.4183609326249236,-0.24517285183117524,-202.47693386169448
1731474168.7199814,-0.26492181420326233,0.5421296954154968,-10.024519920349121,-0.053658994901873105,0.05192121465670698,-10.485085988380229,-0.4275931199943988,-0.245539137383162,-205.75393833091468
1731474168.769875,-0.24497844278812408,0.5146592259407043,-9.960634231567383,-0.05516233485956294,0.05265142966997363,-10.494634572555771,-0.4368877320357819,-0.2457726975277082,-209.0311916167703
1731474168.819899,-0.26854559779167175,0.523851752281189,-10.006988525390625,-0.05654351755924612,0.05326437988680656,-10.50377890642237,-0.44640049546930094,-0.2458755687812831,-212.36233139246465
1731474168.869745,-0.274250328540802,0.5105048418045044,-10.02233600616455,-0.05779355228231464,0.05375807948907888,-10.512503022105443,-0.4559806378068279,-0.24584461664039528,-215.69342562715363
1731474168.9196699,-0.3091917932033539,0.5198943614959717,-9.959775924682617,-0.05890408584327269,0.05413124312176087,-10.520793450609073,-0.4657430402358964,-0.24567920408533978,-219.06355746727263
1731474168.9696105,-0.3320220708847046,0.510865330696106,-9.982586860656738,-0.05986771641770296,0.05438329831510674,-10.528639128171672,-0.47561382606207364,-0.2453798808313932,-222.44636242804052
1731474169.0195947,-0.36096951365470886,0.5243552327156067,-10.011935234069824,-0.06067834920867711,0.0545143609076375,-10.536031180780194,-0.48571345025317064,-0.24494182044646762,-225.88223452497738
1731474169.0695426,-0.3873808979988098,0.5039497017860413,-9.998730659484863,-0.06133153158812956,0.054525194865424204,-10.542962864083439,-0.49592361075434466,-0.2443693403742718,-229.3301874023188
1731474169.1195629,-0.3768446445465088,0.5270870327949524,-9.98342227935791,-0.06182469582732014,0.054417178670503955,-10.549429614358049,-0.5063304540008393,-0.2436578202697798,-232.81884408147357
1731474169.1693566,-0.40214788913726807,0.529925525188446,-9.958992958068848,-0.06215724284117986,0.05419225034034106,-10.555428929689205,-0.5167894699825458,-0.2428186834983079,-236.29964792115865
1731474169.2205336,-0.3875490427017212,0.5355784893035889,-10.005823135375977,-0.062330482177191636,0.053852791808836724,-10.560960125154383,-0.5277108233976637,-0.241816288539608,-239.90818093272972
1731474169.2704382,-0.3973613977432251,0.5048602819442749,-9.982096672058105,-0.06234749613048731,0.053401531645503576,-10.566024207911095,-0.5385456024305108,-0.24070095408927633,-243.4627902717387
1731474169.3202848,-0.4208195209503174,0.5127977132797241,-9.961091041564941,-0.06221298386990097,0.0528415729593118,-10.570623855151462,-0.5495324847065846,-0.239453480931967,-247.04270250199764
1731474169.3702781,-0.3880281150341034,0.5406675338745117,-10.021201133728027,-0.06193312788714539,0.052176459646962534,-10.574763330450796,-0.5606635619736547,-0.23807644644299,-250.64556477516103
1731474169.4202564,-0.40732821822166443,0.511802613735199,-9.964009284973145,-0.061515431247825776,0.051410125842138436,-10.57844840891389,-0.5720023235219296,-0.23656304471273573,-254.2920844129426
1731474169.4702406,-0.39098721742630005,0.5393107533454895,-9.937568664550781,-0.06096848400225938,0.05054678699604649,-10.581686288207377,-0.5834621342583175,-0.2349264017730804,-257.954729487081
1731474169.5202496,-0.3430268168449402,0.5632885694503784,-10.020954132080078,-0.06030168305338694,0.04959084303073413,-10.584485368837004,-0.5951150346784305,-0.23315818567210198,-261.6569960191292
1731474169.570042,-0.35746142268180847,0.5226518511772156,-9.970314979553223,-0.059524867860402425,0.04854674551899768,-10.586855145886366,-0.6067834829777001,-0.23128873277287287,-265.34330353896024
1731474169.620104,-0.3644109070301056,0.5411407947540283,-9.935940742492676,-0.05864796755829313,0.04741892952595725,-10.588806234628091,-0.6187463642531338,-0.22927561321797285,-269.102389488693
1731474169.6699798,-0.32590430974960327,0.5505774617195129,-10.00048828125,-0.05768081904019724,0.046211860597575725,-10.590350225650244,-0.6308027168015038,-0.22715402168280976,-272.8715920598865
1731474169.7200387,-0.31107252836227417,0.5735057592391968,-9.995644569396973,-0.0566330226565216,0.044930009860592424,-10.591499547036491,-0.6430140816692269,-0.22491626906941697,-276.6710404256903
1731474169.769812,-0.28647172451019287,0.557266116142273,-9.9751558303833,-0.05551367861555563,0.043577712357392315,-10.59226754355126,-0.6552893464691073,-0.22258250167055518,-280.4733624672662
1731474169.8198006,-0.3067576587200165,0.5384560823440552,-9.999095916748047,-0.054331127850940214,0.04215909672477024,-10.59266851015074,-0.667740660275374,-0.22013467609175377,-284.3142615309851
1731474169.8697455,-0.30355140566825867,0.5481085181236267,-10.006450653076172,-0.05309286918202954,0.04067818103281178,-10.592717605751918,-0.6803087263296781,-0.2175872329096657,-288.1763289351204
1731474169.9197433,-0.25701940059661865,0.528659462928772,-9.968534469604492,-0.051805600449389894,0.03913902035976109,-10.592430786450244,-0.6930902584217592,-0.21492312861984017,-292.09014411981383
1731474169.969654,-0.3092585504055023,0.5482136011123657,-10.02397346496582,-0.050475218869200804,0.03754579057672314,-10.59182471208565,-0.7059051614266345,-0.21218320105183858,-296.00157045659193
1731474170.0196478,-0.28313058614730835,0.5053752660751343,-10.031719207763672,-0.04910683512894662,0.03590282910370168,-10.59091668221373,-0.718917727015033,-0.20933582997892064,-299.96181635210075
1731474170.0695612,-0.2960771322250366,0.49699968099594116,-9.990872383117676,-0.04770490156657232,0.034214727742063626,-10.58972467886254,-0.7319665011296862,-0.2064197909803137,-303.92279879738777
1731474170.1195238,-0.3306671380996704,0.48303064703941345,-9.955171585083008,-0.046273380268365194,0.03248650982526401,-10.588267255839545,-0.7452541434513017,-0.20339304922626245,-307.94707294425916
1731474170.1195238,-0.3306671380996704,0.48303064703941345,-9.955171585083008,-0.044815954223419836,0.03072378390905073,-10.58656313194231,-0.7494370949232578,-0.20242903997934353,-309.2121946980798
1731474170.1195238,-0.3306671380996704,0.48303064703941345,-9.955171585083008,-0.043336270493734334,0.02893277646186427,-10.584630774958747,-0.7494943958715486,-0.20241579942708324,-309.2295201349161
1731474170.501167,-0.33358314633369446,0.5432917475700378,-9.975793838500977,-0.04183807422762133,0.027120208570693558,-10.582488230045778,-0.8497606087127996,-0.17807959388045522,-339.40753338876897
1731474170.551062,-0.33446788787841797,0.5545161366462708,-9.994386672973633,-0.04032522305579431,0.025292964012953334,-10.580153176944656,-0.8638754613809692,-0.1744795904310679,-343.63552869264754
1731474170.6009803,-0.3757934272289276,0.5390514731407166,-9.997224807739258,-0.03880170957958472,0.02345766462004774,-10.57764309722019,-0.8780280487133963,-0.1708346129806954,-347.8716784014316
1731474170.651021,-0.3854354918003082,0.5245512127876282,-9.94626235961914,-0.037271793044666865,0.021620452211210662,-10.574975369110305,-0.8923786404824371,-0.16710683842695076,-352.16507782096016
1731474170.70092,-0.35533973574638367,0.5358597040176392,-10.005644798278809,-0.03574016920624074,0.019787045136095686,-10.572167173484305,-0.9067665826032031,-0.16334140505591377,-356.4687830433754
1731474170.7508857,-0.3560776114463806,0.5129831433296204,-10.032893180847168,-0.0342119640605754,0.01796286074028601,-10.569235427657492,-0.92128746336275,-0.15951689579301936,-360.81252518961116
1731474170.800842,-0.3606487512588501,0.514492928981781,-9.950714111328125,-0.03269254276874446,0.016153101972893928,-10.566196897876345,-0.9358918872116767,-0.15564974595241057,-365.18266170516307
1731474170.850841,-0.35033825039863586,0.5238370299339294,-9.981739044189453,-0.031187336704632952,0.01436282622174684,-10.563068171794978,-0.9505425227069837,-0.1517533994708179,-369.56913709495603
1731474170.9007235,-0.3239135444164276,0.5347714424133301,-9.992368698120117,-0.029701720332749437,0.012596940880521948,-10.559865411172758,-0.965286685418225,-0.14781874791757058,-373.98722407085296
1731474170.9507124,-0.31538882851600647,0.5356155037879944,-9.987292289733887,-0.028240823429832144,0.010860102381946398,-10.556604239542748,-0.980092267703386,-0.14385773609017605,-378.4283964968396
1731474171.0006285,-0.31598329544067383,0.5300633907318115,-9.955608367919922,-0.026809306980559493,0.009156613803888134,-10.553299763376081,-0.9950008358005714,-0.13986255816010307,-382.90621169522444
1731474171.050641,-0.33977842330932617,0.5462741255760193,-10.025431632995605,-0.025411254391281352,0.007490384355738356,-10.549966527444912,-1.0099105561098989,-0.13586376694153948,-387.3911142527892
1731474171.1005151,-0.31442055106163025,0.5665611624717712,-9.986868858337402,-0.024050221556008656,0.005864884402733009,-10.546618524907132,-1.0248680785446778,-0.13185204326558106,-391.8981059376175
1731474171.150495,-0.2875569760799408,0.5533846616744995,-9.96694278717041,-0.022729279057596582,0.004283040164526382,-10.54326926929702,-1.039956159591646,-0.1278083008390169,-396.45316993946915
1731474171.2004042,-0.3200339078903198,0.5294452905654907,-9.991798400878906,-0.02145092599939213,0.002747184122358928,-10.539931717387638,-1.0550974964317827,-0.12375630362718902,-401.03400180383454
1731474171.2504544,-0.30452707409858704,0.5296197533607483,-10.019668579101562,-0.020217027979141343,0.001259181329538534,-10.536618168554023,-1.0702797212415145,-0.11970229168116829,-405.6377884929175
1731474171.3013082,-0.3109103739261627,0.517314076423645,-9.977126121520996,-0.019028887957296813,-0.00017936033687675256,-10.533340338413634,-1.0857458090670697,-0.11558450691950396,-410.33937563040155
1731474171.351328,-0.32668018341064453,0.5018835663795471,-9.97868824005127,-0.017887352143993496,-0.001566923881853505,-10.530109401556953,-1.1010658606987402,-0.11152022542463438,-415.00900472065587
1731474171.4012053,-0.3284973204135895,0.48210498690605164,-10.024526596069336,-0.0167929242999898,-0.0029019371744290366,-10.526935896950851,-1.1163319045758482,-0.10748727351261177,-419.675216700243
1731474171.4511728,-0.3639207184314728,0.47808367013931274,-9.991728782653809,-0.01574593212191972,-0.004182609882995702,-10.52382972429325,-1.1317146737457207,-0.10344308024158591,-424.3909827001662
1731474171.501115,-0.35544782876968384,0.48331549763679504,-9.979578018188477,-0.014746729216285413,-0.0054068186393952285,-10.520800211804659,-1.1471022149412784,-0.09941961172302013,-429.12281424123387
1731474171.5511136,-0.3231160044670105,0.5238932371139526,-10.002732276916504,-0.013795825537402572,-0.006572147210017766,-10.517856054901516,-1.1625198341121081,-0.0954125119669681,-433.87917835695134
1731474171.6010053,-0.3322836458683014,0.5168244242668152,-9.963459014892578,-0.012893818323095309,-0.0076761132208112565,-10.515005204803748,-1.1779594180535502,-0.09142607545125195,-438.6582515548676
1731474171.6510303,-0.3373267948627472,0.529000997543335,-9.964813232421875,-0.012041220632859846,-0.008716447691217703,-10.512254783081326,-1.1934919128498591,-0.08744423293394124,-443.48274567908476
1731474171.7009454,-0.33359724283218384,0.5422881245613098,-10.018502235412598,-0.011238391691568653,-0.009691280534711506,-10.509611015539226,-1.208974819849332,-0.08350544451206808,-448.3090048016682
1731474171.7509274,-0.37106969952583313,0.5370707511901855,-9.986614227294922,-0.010485589689536928,-0.010599246793419777,-10.5070793193964,-1.224537229738849,-0.07957865260355139,-453.17782474896813
1731474171.8008492,-0.3345521092414856,0.5538851022720337,-9.982426643371582,-0.009783073711685684,-0.011439558048015249,-10.504664471685942,-1.2401046960698499,-0.07568446303410449,-458.06653079609765
1731474171.8508618,-0.3580484986305237,0.5556872487068176,-10.00033950805664,-0.009131164233068659,-0.012212044669773645,-10.502370638116776,-1.255868639324936,-0.0717771098106938,-463.03603919979656
1731474171.9007573,-0.342354416847229,0.5448465943336487,-9.99096965789795,-0.008530214589653964,-0.012917173192588734,-10.500201344520297,-1.2713344676828686,-0.0679801163894351,-467.93064537612105
1731474171.9506936,-0.3339128792285919,0.512994647026062,-9.977628707885742,-0.00798054573391084,-0.013555971341204672,-10.49815949672291,-1.2869565453002616,-0.0641826063431138,-472.8942544948679
1731474172.0006766,-0.3599240779876709,0.5272412896156311,-10.009675979614258,-0.007482385295619708,-0.014129821550144122,-10.496247385150433,-1.3026255608969861,-0.06041294019871979,-477.8928523167453
1731474172.0506036,-0.3535090684890747,0.5264111161231995,-9.988394737243652,-0.007035862988506241,-0.014640261510187803,-10.494466708604971,-1.3182822454073457,-0.05668643333510408,-482.90789654465874
1731474172.1005116,-0.33102959394454956,0.5007005929946899,-9.949559211730957,-0.006641052695795572,-0.015088898152804616,-10.492818597205627,-1.3339829678994903,-0.0529906034854888,-487.95776844793414
1731474172.1504858,-0.3360428214073181,0.4967174530029297,-9.988577842712402,-0.006297930570601152,-0.015477329394896813,-10.491303515116705,-1.3496690747930413,-0.04934006789935143,-493.02388706657143
1731474172.2004585,-0.3113560974597931,0.5115785002708435,-10.033350944519043,-0.006006239875716092,-0.015807025901691415,-10.489921223365004,-1.3654438099574369,-0.04571168487724206,-498.1399355954459
1731474172.250459,-0.3113560974597931,0.5115785002708435,-10.033350944519043,-0.005765355310878127,-0.016079300824488538,-10.48867104420411,-1.3812528981336667,-0.04211891865665855,-503.28871339871034
1731474172.250459,-0.3177403509616852,0.5325407981872559,-9.935579299926758,-0.005574190715373091,-0.016295408836403246,-10.48755213555657,-1.381350349351093,-0.042096907644067615,-503.32051896562075
1731474172.3013842,-0.33469057083129883,0.5253778100013733,-9.965188980102539,-0.005431209742779091,-0.01645668815403199,-10.486563336819831,-1.3972478797200394,-0.03852878556017395,-508.5202027470323
1731474172.351369,-0.2919037938117981,0.5581555962562561,-9.996562957763672,-0.005334521339905253,-0.016564691377771834,-10.485702817261194,-1.4131058422417635,-0.035014345200269456,-513.7290068258146
1731474172.401268,-0.35043859481811523,0.5507156252861023,-9.980219841003418,-0.0052819439373215675,-0.01662131154997848,-10.484968043571405,-1.428878671910944,-0.03156320882779811,-518.931708620817
1731474172.4513953,-0.31938889622688293,0.5434258580207825,-9.980039596557617,-0.005271069407957632,-0.016628873291891614,-10.484355983021947,-1.4447143444821147,-0.02814285581453651,-524.17704134598
1731474172.5011845,-0.3111056983470917,0.5467879772186279,-10.006731033325195,-0.005299360405270251,-0.01659011582601997,-10.483863227704166,-1.4604902300428595,-0.024779640903586295,-529.4243288921639
1731474172.5512621,-0.3343198299407959,0.5141294598579407,-9.985079765319824,-0.005364173095069317,-0.016508070681316954,-10.483486075143238,-1.4763041896264937,-0.02145237289673817,-534.7059818799135
1731474172.6011057,-0.31788721680641174,0.5207598209381104,-9.9788818359375,-0.005462748138094366,-0.016385880899175913,-10.483220600997267,-1.4921755632390286,-0.018157056999152255,-540.0285318615117
1731474172.6510568,-0.3102407455444336,0.5062844753265381,-10.040383338928223,-0.005592242100416575,-0.016226611482252143,-10.483062690973409,-1.5079084283087523,-0.014933634640085083,-545.3259589679565
1731474172.7009473,-0.3471413254737854,0.5116963982582092,-10.012944221496582,-0.005749747865882342,-0.016033122174892764,-10.483008168175278,-1.5237946392184518,-0.011721887507510086,-550.6963858883919
1731474172.750927,-0.3339446187019348,0.48835524916648865,-9.949984550476074,-0.0059323622878860146,-0.015808001522799354,-10.483052928376868,-1.5396490220154189,-0.008559195935343093,-556.0772580465693
1731474172.8008482,-0.3242812752723694,0.5035021901130676,-9.997200012207031,-0.006137304112099887,-0.01555351105661957,-10.483192803948148,-1.5555234512299243,-0.005434543849288561,-561.4859347109269
1731474172.8508923,-0.32210493087768555,0.5187715888023376,-10.013509750366211,-0.006361931212195287,-0.015271576938477138,-10.483423368107156,-1.5714755117692283,-0.002336296306990476,-566.9419860055519
1731474172.9008107,-0.3306938111782074,0.5117029547691345,-9.95168685913086,-0.006603670391849997,-0.014963888600796928,-10.483739978339257,-1.5873939965168642,0.000714521942490582,-572.4072019011232
1731474172.9507923,-0.3473673462867737,0.5250505805015564,-9.999794960021973,-0.006860012238820375,-0.014632035915904344,-10.484137832734786,-1.603328948111104,0.0037283736366817057,-577.8984533802495
1731474173.000714,-0.3676806092262268,0.5250909328460693,-9.974912643432617,-0.007128627681297611,-0.014277602237203878,-10.484611917577539,-1.619318982095095,0.006713156642994087,-583.4288935609538
1731474173.050638,-0.34077829122543335,0.531715452671051,-9.974777221679688,-0.007407525545310898,-0.013902230810878505,-10.485157011236451,-1.6352396860843723,0.009646609703089665,-588.9551645002794
1731474173.1005018,-0.34993913769721985,0.5187354683876038,-9.980379104614258,-0.007695104226759501,-0.01350766736059962,-10.485767717508903,-1.6512317524527957,0.012555612826316032,-594.5257931357875
1731474173.1506681,-0.32163166999816895,0.5147727131843567,-9.986950874328613,-0.007990053374801805,-0.013095737894490363,-10.486438489584195,-1.6672721515157523,0.015436565903564672,-600.132654690783
1731474173.2004526,-0.3347085118293762,0.5146628618240356,-10.003704071044922,-0.008291198107140935,-0.01266826997323147,-10.487163721498211,-1.6832680901715156,0.01827383626581692,-605.7429914401183
1731474173.250501,-0.3347085118293762,0.5146628618240356,-10.003704071044922,-0.008597387952064743,-0.012227023055393523,-10.487937898564422,-1.6993558407331437,0.0210925286576797,-611.4043444239577
1731474173.250501,-0.3325687646865845,0.49045324325561523,-9.950163841247559,-0.008907474834530771,-0.01177364359612568,-10.488755681641317,-1.6994267648168482,0.02110487895765533,-611.4293442993393
1731474173.3003907,-0.3291608393192291,0.5291914939880371,-10.009807586669922,-0.009220330723116114,-0.011309619621892919,-10.4896118354171,-1.7154628243598458,0.023881198800371435,-617.0908866211288
1731474173.3504434,-0.32038629055023193,0.5339276790618896,-10.032880783081055,-0.00953483225042285,-0.010836312417135733,-10.490501203023356,-1.731523208549084,0.026630207002145568,-622.7788415797651
1731474173.4012403,-0.3011559844017029,0.5633037090301514,-9.956317901611328,-0.009849793279813586,-0.010355136663741453,-10.491418867810225,-1.7479010510769937,0.029402294469726722,-628.5972335714954
1731474173.4512477,-0.29631367325782776,0.5713852643966675,-9.99892807006836,-0.01016384907003426,-0.009867802537824384,-10.492360200680102,-1.7640918259881058,0.03211291476470966,-634.3666801234235
1731474173.5012107,-0.30637404322624207,0.5323708057403564,-10.016594886779785,-0.010475349265055967,-0.0093764649895396,-10.493320738145995,-1.7803263158530716,0.03480234276349143,-640.168824995351
1731474173.551203,-0.33612486720085144,0.5199670791625977,-9.949371337890625,-0.010782377970908752,-0.008883641675599041,-10.4942961647649,-1.796472630893965,0.03745007751081582,-645.9561068411194
1731474173.6010675,-0.31001725792884827,0.5187898278236389,-9.991975784301758,-0.01108291842833394,-0.008391934913605598,-10.495282296638345,-1.8131219017462437,0.04015329864723765,-651.9406817772559
1731474173.6510518,-0.31001725792884827,0.5187898278236389,-9.991975784301758,-0.011374990581822397,-0.007903789651632138,-10.496274984331894,-1.8289555160856517,0.042699845597861254,-657.6477682036846
1731474173.6510518,-0.3414152264595032,0.49947530031204224,-10.026073455810547,-0.011656673714065783,-0.007421389244352709,-10.497270174494243,-1.8290492280330461,0.042714848952334065,-657.6815908678608
1731474173.7009594,-0.3331548273563385,0.4966123700141907,-9.923690795898438,-0.011926161095835039,-0.006946584800319473,-10.498264051992422,-1.8452103340791113,0.04529130880478736,-663.5221366710851
1731474173.7510405,-0.3020355701446533,0.4983261525630951,-9.987607955932617,-0.01218185604243532,-0.006480811504319425,-10.499252948169424,-1.861561712456432,0.04787657183077594,-669.4467624257867
1731474173.800867,-0.29968076944351196,0.5145800113677979,-10.004847526550293,-0.012422318200110846,-0.006025071535644466,-10.500233167674764,-1.8779940837102833,0.0504540033854921,-675.4159453525714
1731474173.8508976,-0.29968076944351196,0.5145800113677979,-10.004847526550293,-0.012646085073549557,-0.00558002819536734,-10.501201097520472,-1.8944057799393323,0.053008697732718206,-681.3925422294515
1731474173.8508976,-0.29352277517318726,0.5195324420928955,-9.949438095092773,-0.012851562154684429,-0.005146144998011382,-10.50215341257505,-1.894475600541646,0.053019525868888105,-681.4180001048211
1731474173.9007802,-0.2986915707588196,0.5589570999145508,-9.996010780334473,-0.013037016065027775,-0.004723823208501106,-10.50308702982356,-1.91078429873486,0.05554041290956044,-687.3715662864208
1731474173.9509592,-0.309118390083313,0.5325948596000671,-10.002687454223633,-0.013200618262748267,-0.004313565034352437,-10.503998996751527,-1.9272168849355065,0.058064182917661585,-693.3845586274538
1731474174.0006123,-0.31772881746292114,0.5268689393997192,-9.995322227478027,-0.01334054297699237,-0.0039160815510937835,-10.504886576231211,-1.9436138092767343,0.060567237833152134,-699.3984895401451
1731474174.0505881,-0.31280437111854553,0.520305871963501,-9.999022483825684,-0.013455096514026236,-0.0035322282533511388,-10.505747379020061,-1.9600408843760246,0.06306064186390674,-705.4372925999357
1731474174.1005266,-0.3103979825973511,0.5200849771499634,-10.015802383422852,-0.013542799631790964,-0.0031628563959033825,-10.50657939781819,-1.9766668975126171,0.06557071150858547,-711.5631296388939
1731474174.1505926,-0.3114646375179291,0.5333259105682373,-10.011154174804688,-0.01360239348738725,-0.002808731627827645,-10.507381034214635,-1.9932824776128106,0.06806656738466521,-717.6989437456712
1731474174.200469,-0.3114646375179291,0.5333259105682373,-10.011154174804688,-0.013632817970778545,-0.0024705515290367242,-10.508151142789394,-2.009860348518074,0.07054508932507726,-723.8344784761867
1731474174.200469,-0.3188832998275757,0.5083135962486267,-9.963606834411621,-0.01363321039006142,-0.002148985233212585,-10.508888979579119,-2.0103619683946476,0.07061991133811835,-724.0203413233747
1731474174.2504795,-0.3188832998275757,0.5083135962486267,-9.963606834411621,-0.013602931886373399,-0.0018446220450648266,-10.509593986011154,-2.02655098703686,0.07302995374735308,-730.0254360494712
1731474174.2504795,-0.31904882192611694,0.5196725130081177,-9.988273620605469,-0.013541600713105135,-0.0015578579841709016,-10.510265538281997,-2.026643363975996,0.0730436796382493,-730.0597389747506
1731474174.3004224,-0.3305782973766327,0.5206477642059326,-10.022955894470215,-0.013449114540496996,-0.001288865915533892,-10.510902923594577,-2.0437645352758893,0.0755832941812097,-736.4247448572372
1731474174.3504846,-0.3131643533706665,0.4947442412376404,-9.967418670654297,-0.01332566223157954,-0.001037639740958894,-10.511505538053534,-2.059926435580485,0.07797303499217922,-742.446438646361
1731474174.4001963,-0.2911624312400818,0.5042598247528076,-9.952506065368652,-0.013171677684897975,-0.0008039763591988933,-10.51207295174243,-2.0765595007203332,0.08042545179680936,-748.6572272390057
1731474174.4511578,-0.28843218088150024,0.4874705672264099,-10.005365371704102,-0.012987683665307634,-0.0005873942603578548,-10.512604741278178,-2.0936576120017194,0.08293972611954985,-755.056065387002
1731474174.5011187,-0.32307344675064087,0.5312836170196533,-9.986968994140625,-0.012774142628952104,-0.00038711278511062127,-10.513100431709006,-2.110552415417176,0.08541805840336035,-761.3932625263459
1731474174.5512211,-0.30916738510131836,0.5539597868919373,-9.949182510375977,-0.012531483116461576,-0.00020219852255986724,-10.51355960541697,-2.12738848892619,0.087882397871403,-767.7228483290296
1731474174.60102,-0.3088642954826355,0.5896655321121216,-9.986434936523438,-0.012260227080680393,-3.189144341865221e-05,-10.51398188827092,-2.1442288106225913,0.09034255459585841,-774.0685912936989
1731474174.6509938,-0.3002871870994568,0.5622224807739258,-9.99889087677002,-0.01196102827078194,0.00012404991909354708,-10.51436688577653,-2.161154924298297,0.09281094086952033,-780.4615258743165
1731474174.700985,-0.33200007677078247,0.540206253528595,-9.96786117553711,-0.011634642122164618,0.00026523527163744843,-10.514714272540086,-2.178463911405669,0.09533122763384798,-787.0147065139752
1731474174.750962,-0.3359427750110626,0.5398454666137695,-9.985214233398438,-0.011281979436363422,0.0003908282437515404,-10.515023873850016,-2.1950679086191505,0.09774558350568442,-793.3160697563874
1731474174.80096,-0.3597176671028137,0.5054976344108582,-10.026241302490234,-0.010904267593078904,0.0004998487737015041,-10.515295672752778,-2.2122473611353852,0.10024068697913985,-799.8516561654424
1731474174.8508987,-0.34073111414909363,0.4791993796825409,-9.978652954101562,-0.010503203665179008,0.0005914676601559404,-10.515529902422934,-2.2291411062301503,0.10269178892584947,-806.294542711642
1731474174.9008243,-0.33845821022987366,0.46689125895500183,-9.9503812789917,-0.010080982636366217,0.0006653144265414462,-10.515727083228853,-2.246152741443262,0.10515785134333695,-812.7987322608939
1731474174.9508212,-0.3105090856552124,0.513755202293396,-10.000347137451172,-0.00964016712768995,0.0007216893179660133,-10.515887841484037,-2.2631879284187026,0.1076254982730595,-819.3286976142388
1731474175.0006595,-0.2943839728832245,0.5581911206245422,-10.002796173095703,-0.009183443748633186,0.0007614508387322092,-10.516012799934908,-2.28065654243532,0.11015432931074656,-826.0426061021739
1731474175.050742,-0.30043867230415344,0.6249035596847534,-9.956212997436523,-0.008713359156706095,0.0007855254936079151,-10.516102681776038,-2.2974449172932885,0.11258340402069066,-832.5124176568942
1731474175.1005836,-0.2995325028896332,1.7792822122573853,-10.035893440246582,-0.00823215643294249,0.000793221180496681,-10.516158377381537,-2.3145702331791225,0.11506015274907427,-839.1299884545526
1731474175.1506393,-0.3395894765853882,1.1382966041564941,-9.736099243164062,-0.007741789554482644,0.0007783558548876234,-10.516180746899778,-2.3316997363901466,0.11753658762034239,-845.7676733254043
1731474175.2005467,-0.3395894765853882,1.1382966041564941,-9.736099243164062,-0.007244102214873798,0.0007259781492423207,-10.516169820402578,-2.3488164921651116,0.12001035794588265,-852.4193089239666
1731474175.2005467,-0.27004683017730713,0.7287166118621826,-10.011829376220703,-0.006740989225486522,0.0006135142590685384,-10.516123818896123,-2.3489156170817043,0.12002468148980418,-852.4578848210931
1731474175.2504516,-0.3361915349960327,1.030275583267212,-10.148770332336426,-0.006234328828193936,0.00041470039829819363,-10.516039579144362,-2.3660342417672715,0.12249771745188273,-859.1299128754519
1731474175.3004844,-0.3361915349960327,1.030275583267212,-10.148770332336426,-0.005725870581700361,0.00010221364613517709,-10.515914534434101,-2.3832767811460975,0.12498714098931772,-865.8706890545176
1731474175.3004844,-0.3389971852302551,0.5860317945480347,-9.910191535949707,-0.00521735115002982,-0.00035151987691605356,-10.515748195812263,-2.3833803819734034,0.12500209304756535,-865.9112533154644
1731474175.350462,-0.30547669529914856,0.8550637364387512,-10.006457328796387,-0.0047106377337956095,-0.0009732244606401555,-10.515541838784541,-2.401785780366704,0.1276560631332252,-873.130203642597
1731474175.4003296,-0.38556063175201416,0.4898340702056885,-10.093388557434082,-0.004207717916480931,-0.0017869871120429108,-10.515297507894255,-2.4182317561173763,0.13002266878770857,-879.6017442519628
1731474175.451341,-0.2386288344860077,0.6780558824539185,-9.97010612487793,-0.0037106475135281346,-0.0028129512276685725,-10.515017764293374,-2.4353531178565637,0.1324795144488993,-886.3606753396606
1731474175.5011187,-0.4404727518558502,0.41833406686782837,-9.97369384765625,-0.003221486095174515,-0.004066572825816388,-10.514705761515765,-2.45247664702589,0.13492698546958254,-893.1429639650331
1731474175.551193,-0.2766844630241394,0.6592596173286438,-10.009418487548828,-0.002742317705005405,-0.005558218918882076,-10.514364920111912,-2.469712763161858,0.13737753884814477,-899.9930161905419
1731474175.6011581,-0.38765424489974976,0.5689914226531982,-9.991920471191406,-0.002275365999942807,-0.00729338508237813,-10.513998634479677,-2.487088806893461,0.1398308930531422,-906.9226538539997
1731474175.6510236,-0.2770300507545471,0.9635754823684692,-9.972393989562988,-0.0018229555698131119,-0.009273764145423092,-10.513610270032757,-2.504292437696075,0.1422385685166443,-913.8076772374329
1731474175.7010112,-0.2770300507545471,0.9635754823684692,-9.972393989562988,-0.0013872598292682403,-0.011499194053404601,-10.51320311232851,-2.521597647635908,0.14463394095344698,-920.7580164362687
1731474175.7010112,-0.3519153296947479,0.7359294295310974,-9.921117782592773,-0.0009700166318009424,-0.01396958049603904,-10.512780173988773,-2.5216795141593,0.14464520317136734,-920.7909559963126
1731474175.7509859,-0.3949187397956848,1.459450125694275,-10.02377700805664,-0.0005725782817214347,-0.016685878328712912,-10.512344036823045,-2.5388669690074157,0.14698885336309628,-927.7192090927306
1731474175.8008795,-0.44197165966033936,0.9048823118209839,-9.821752548217773,-0.00019644881156640582,-0.019650967936623742,-10.511896793182,-2.556388785058401,0.14933172149517934,-934.8085851238773
1731474175.8508518,-0.4295503497123718,1.041643500328064,-9.993631362915039,0.00015610536017195235,-0.02287035301560776,-10.511439905114527,-2.5733886692630885,0.1515526791789006,-941.7125593955864
1731474175.900828,-0.4389559030532837,0.8733617067337036,-10.080601692199707,0.0004817677662172545,-0.02635124834024844,-10.510974223926297,-2.590727776325314,0.15375673711557844,-948.7807947287017
1731474175.9507453,-0.3784397840499878,0.8643853068351746,-9.936895370483398,0.0007762619450492826,-0.030100811910238508,-10.510500560374041,-2.6079234097698767,0.15587266737381802,-955.8172862298354
1731474176.000648,-0.43786507844924927,0.8023789525032043,-10.073698997497559,0.0010346784179381316,-0.034124854158819835,-10.510020203935325,-2.625296263104415,0.15792997657467103,-962.9536346257233
1731474176.0506773,-0.417011022567749,0.7329180836677551,-9.982450485229492,0.0012517562111406108,-0.03842693801808726,-10.509534947441265,-2.642411724252953,0.15986756776947117,-970.0113736247336
1731474176.10059,-0.3829857409000397,0.7080736756324768,-9.979751586914062,0.0014220151138770855,-0.04300766234104464,-10.50904696772784,-2.659822544717778,0.16173645806155126,-977.2187428340246
1731474176.15058,-0.4390067160129547,0.6949734091758728,-10.05864429473877,0.0015399054077815805,-0.047864168713958814,-10.508558681490824,-2.6769879032769084,0.16346649589598702,-984.3521464060138
1731474176.2004855,-0.3793528974056244,0.6941644549369812,-9.954267501831055,0.00159997182382429,-0.05298998194522667,-10.50807265701697,-2.6943146235185416,0.1650868867548713,-991.5805550044145
1731474176.2504969,-0.4250757098197937,0.6204016208648682,-9.982953071594238,0.0015969506203647947,-0.05837511408756869,-10.507591550001681,-2.7114956391444887,0.16655566068893912,-998.7759509682503
1731474176.3004034,-0.4461899399757385,0.5952256321907043,-10.015108108520508,0.0015258088116574915,-0.06400612744318923,-10.507117912548136,-2.7322317694409826,0.16812613961987768,-1007.497026999268
1731474176.3504372,-0.36761024594306946,0.542597770690918,-9.970968246459961,0.001381723333091371,-0.06986604557702136,-10.506654106648963,-2.7459522401319187,0.16903390665727752,-1013.2895660704517
1731474176.4002957,-0.4046315848827362,0.5672928094863892,-9.9992036819458,0.0011601769825009902,-0.07593430894500582,-10.506202354643904,-2.763287390654848,0.17001548437774291,-1020.6331001200426
1731474176.4502802,-0.3943370282649994,0.5363613367080688,-9.969598770141602,0.0008571981223114619,-0.0821869787068015,-10.505764711129105,-2.7804525073215647,0.17079103538943397,-1027.9317898646882
1731474176.5011716,-0.3880375921726227,0.5222116112709045,-9.993152618408203,0.0004694846188428643,-0.08859713898017813,-10.505342998728763,-2.7980053209175586,0.17136555333012604,-1035.4229353541307
1731474176.551226,-0.4290367364883423,0.49233752489089966,-10.006980895996094,-5.623636313732808e-06,-0.09513528726803096,-10.5049388171778,-2.8152745337721967,0.17169885436334512,-1042.8198307044408
1731474176.6010063,-0.40291744470596313,0.44281744956970215,-9.997652053833008,-0.000570238061051613,-0.10176959836923236,-10.50455364051628,-2.8323767579116894,0.1717859052016275,-1050.1708305228453
1731474176.6511025,-0.4269281029701233,0.5036402940750122,-9.978708267211914,-0.0012260353707411742,-0.10846614778327561,-10.504188894743155,-2.8497095426971994,0.17161062576373612,-1057.646286835184
