Timestamp,Sonar_Distance_1,Confidence_1,Sonar_Distance_2,Confidence_2,Sonar_Distance_3,Confidence_3,IMU_Linear_Acc_X,IMU_Linear_Acc_Y,IMU_Linear_Acc_Z,IMU_Angular_Vel_X,IMU_Angular_Vel_Y,IMU_Angular_Vel_Z
1727325233.6618762,16309.0,100.0,1199.0,47.0,0.0,0.0,0.4620505869388581,0.03437912836670876,9.724362373352053,0.006757676601409912,0.018341841176152233,-0.13563485443592074
1727325233.6951149,16309.0,100.0,1199.0,47.0,0.0,0.0,0.4662083387374878,0.08292606472969055,9.725772857666016,0.0028103585354983807,0.016155837103724483,-0.12381671369075775
1727325233.7492619,16309.0,100.0,1199.0,47.0,0.0,0.0,0.4349862337112427,0.09773712605237962,9.712531089782717,-0.0010088086128234863,0.006358326878398658,-0.08590967953205109
1727325233.7876587,16309.0,100.0,1199.0,47.0,0.0,0.0,0.43355226516723633,0.13677366077899936,9.700457572937013,-0.009576976299285889,0.01267939805984497,-0.05924404039978982
1727325233.8358703,16309.0,100.0,1199.0,47.0,0.0,0.0,0.42131748795509344,0.1150636225938797,9.68026638031006,-0.019000470638275146,0.0013977289199829102,-0.020477177575230602
1727325233.8739915,16309.0,100.0,1199.0,47.0,0.0,0.0,0.4580211043357849,0.09883768111467363,9.677266120910646,-0.024941563606262207,-0.0006988644017837943,0.008095799013972282
1727325233.9686997,16294.0,100.0,1225.0,36.0,0.0,0.0,0.5167208909988403,-0.012111176736652853,9.731975555419922,-0.032430890947580344,-0.00629425048828125,0.06247908249497414
1727325234.0587037,16294.0,100.0,1225.0,36.0,0.0,0.0,0.5724455118179321,-0.20260435342788696,9.790592193603516,-0.032408531755208976,-0.002090632449835539,0.08448659628629686
1727325234.1479406,16294.0,100.0,1225.0,36.0,0.0,0.0,0.5543866753578187,-0.16321770846843722,9.715214729309084,-0.02252906933426857,-0.004199147690087558,0.0799223780632019
1727325234.2931201,16297.0,100.0,1235.0,22.0,0.0,0.0,0.5595550537109375,-0.12530988454818726,9.661260604858398,-0.02226233668625355,-0.005798041820526123,0.05240738764405251
1727325234.382258,16297.0,100.0,1235.0,22.0,0.0,0.0,0.5675739645957948,-0.15908582508563998,9.651691436767578,-0.02518296241760254,-0.004900992382317782,0.026153029873967174
1727325234.472076,16297.0,100.0,1200.0,33.0,0.0,0.0,0.5569307804107666,-0.253692239522934,9.701531410217287,-0.027422608807682994,-0.00940561294555664,0.016741454601287842
1727325234.5613391,16314.0,100.0,1200.0,33.0,0.0,0.0,0.6620310544967651,-0.3724248111248017,9.795013427734375,-0.01071691606193781,-0.002269446849822998,0.01255720853805542
1727325234.6508813,16314.0,100.0,1200.0,33.0,0.0,0.0,0.679300367832184,-0.4585455656051636,9.783961296081545,0.011965633369982244,0.014260411262512207,-0.027060508728027344
1727325234.7454464,16314.0,100.0,1256.0,21.0,0.0,0.0,0.6750108003616333,-0.41901144385337835,9.743583679199219,0.03347843885421753,0.01446455717086792,-0.08028448373079301
1727325234.8501132,16357.0,100.0,1256.0,21.0,0.0,0.0,0.589738130569458,-0.344712495803833,9.775388717651367,0.03876238316297531,0.011324883438646795,-0.1249179318547249
1727325234.9181106,16357.0,100.0,1256.0,21.0,0.0,0.0,0.6117566227912904,-0.19733589887619019,9.604077339172365,0.03652573004364968,0.023755431175231934,-0.13788343966007235
1727325235.0124516,16357.0,100.0,1248.0,19.0,0.0,0.0,0.5590904355049134,-0.12584921717643738,9.64373302459717,0.03319382667541504,0.02285242266952992,-0.11823177337646484
1727325235.0506647,16357.0,100.0,1248.0,19.0,0.0,0.0,0.5292953848838807,-0.09492950141429901,9.668309211730959,0.02647191286087036,0.03287046775221825,-0.10858178883790971
1727325235.1361892,16313.0,100.0,1248.0,19.0,0.0,0.0,0.5363846421241761,-0.1086050793528557,9.704666137695312,0.017480548471212387,0.02703070268034935,-0.07525234669446947
1727325235.1896892,16313.0,100.0,1248.0,19.0,0.0,0.0,0.4997340142726899,-0.11952409893274309,9.717064857482912,0.01348406169563532,0.024838745594024658,-0.05353242531418801
1727325235.228296,16313.0,100.0,1248.0,19.0,0.0,0.0,0.5176069736480713,-0.12234166264533997,9.72096920013428,0.00518113374710083,0.013041497208178045,-0.043050944805145264
1727325235.2813973,16313.0,100.0,1258.0,19.0,0.0,0.0,0.4577022194862366,-0.11704835295677185,9.725483894348146,-0.0027000906411558394,0.018322467803955078,-0.028946995735168457
1727325235.3192925,16313.0,100.0,1258.0,19.0,0.0,0.0,0.44830888509750366,-0.11709901690483093,9.743092536926271,-0.004240870475769043,0.020828844979405407,-0.01795440912246704
1727325235.3726702,16313.0,100.0,1258.0,19.0,0.0,0.0,0.4484745562076569,-0.1401582658290863,9.756538391113281,-0.00836402177810669,0.01107305381447077,0.002273916732519865
1727325235.462416,16239.0,100.0,1258.0,19.0,0.0,0.0,0.43895468115806585,-0.17383436858654025,9.76195812225342,-0.0043645501136779785,0.005221367347985507,0.03092736005783081
1727325235.5572748,16239.0,100.0,1261.0,31.0,0.0,0.0,0.45376521348953247,-0.1590162664651871,9.730820655822756,-0.006467104423791171,0.001125037670135498,0.06361157447099687
1727325235.6419215,16239.0,100.0,1261.0,31.0,0.0,0.0,0.452558845281601,-0.18735229969024658,9.737523078918459,-0.0008314848528243602,-0.00912398099899292,0.09539574384689331
1727325235.7317557,16240.0,100.0,1261.0,31.0,0.0,0.0,0.4914964437484741,-0.21291682124137878,9.683201789855959,-0.0012159348698332908,-0.0008910894393920898,0.11436641216278076
1727325235.7706351,16240.0,100.0,1261.0,31.0,0.0,0.0,0.5117679238319398,-0.22506970167160034,9.660087585449219,-0.002625584369525314,-0.003999470733106136,0.12484342604875566
1727325235.8300169,16240.0,100.0,1284.0,29.0,0.0,0.0,0.4927938878536225,-0.2641235589981079,9.69119644165039,0.010769068263471128,-0.0016435980796813965,0.12263953685760498
1727325235.9152951,16240.0,100.0,1284.0,29.0,0.0,0.0,0.4711255431175232,-0.19386290013790133,9.663141250610352,0.009819866158068182,-0.012601912021636963,0.11440514773130418
1727325236.0418532,16230.0,100.0,1284.0,29.0,0.0,0.0,0.44988375902175903,-0.22497554123401645,9.73476791381836,0.010925529524683952,-0.021086631342768673,0.08611529320478441
1727325236.1161702,16230.0,100.0,1256.0,32.0,0.0,0.0,0.4816257357597351,-0.25342583656311035,9.796563148498537,0.01242607831954956,-0.028884414583444595,0.06864816695451738
1727325236.1850052,16230.0,100.0,1256.0,32.0,0.0,0.0,0.5235905647277832,-0.24653971195220947,9.77332401275635,0.01718700118362904,-0.023296475410461426,0.0635787919163704
1727325236.2225397,16230.0,100.0,1256.0,32.0,0.0,0.0,0.5402489304542543,-0.21147599816322327,9.796197891235352,0.016297401860356334,-0.032101571559906006,0.06953031569719316
1727325236.3681796,16216.0,100.0,1198.0,55.0,0.0,0.0,0.564269244670868,-0.10333675891160966,9.696338653564453,0.010135769844055176,-0.03717393055558205,0.034902989864349365
1727325236.4566522,16216.0,100.0,1198.0,55.0,0.0,0.0,0.6386651396751405,-0.14127326011657715,9.64982318878174,-0.008526444435119629,-0.03279149532318115,0.008250773884356024
1727325236.5493946,16216.0,100.0,1198.0,55.0,0.0,0.0,0.6915912032127381,-0.2236470878124237,9.645217895507812,-0.0096052885055542,-0.037930909544229514,-0.024521347135305405
1727325236.6399534,16163.0,100.0,1210.0,52.0,0.0,0.0,0.7200469374656678,-0.26403695344924927,9.662493705749513,-0.0005260110483504833,-0.024591386318206787,-0.04665404558181763
1727325236.7254434,16163.0,100.0,1210.0,52.0,0.0,0.0,0.7640272378921509,-0.2640746831893921,9.741802215576172,0.0012621284695342185,-0.01862793974578381,-0.05764514207839966
1727325236.8152647,16163.0,100.0,1210.0,52.0,0.0,0.0,0.7748394012451172,-0.2206826061010361,9.72561264038086,0.013434886932373047,-0.013126433826982977,-0.06400644779205322
1727325236.910145,16117.0,100.0,1267.0,39.0,0.0,0.0,0.8027406334877015,-0.17185017466545105,9.659368515014648,0.022089486941695217,0.004532933235168457,-0.06780922412872314
1727325236.9946165,16117.0,100.0,1267.0,39.0,0.0,0.0,0.7902372479438783,-0.09898940473794939,9.597513198852539,0.01606196351349354,0.002460181945934892,-0.06540268659591675
1727325237.0325747,16117.0,100.0,1267.0,39.0,0.0,0.0,0.7521626353263856,-0.059745442122221,9.597862243652344,0.01797527261078358,0.008340179920196533,-0.06027073785662652
1727325237.0860622,16117.0,100.0,1267.0,39.0,0.0,0.0,0.723558008670807,0.0009345812140963973,9.586055755615234,0.010073185898363592,0.013951960019767286,-0.05697757750749588
1727325237.1252697,16117.0,100.0,1267.0,39.0,0.0,0.0,0.726526439189911,0.006201978772878647,9.619776725769045,0.0053063039667904386,0.012633207254111769,-0.04957318305969238
1727325237.2161052,16110.0,100.0,1258.0,39.0,0.0,0.0,0.714997947216034,-0.025111716240644455,9.734524726867678,-0.002296268939971924,0.014127792790532112,-0.04110188409686089
1727325237.3054352,16110.0,100.0,1258.0,39.0,0.0,0.0,0.7247222661972046,-0.06573852896690369,9.789723396301271,-0.005151331424713135,0.02361685037612915,-0.042940679937601096
1727325237.3903399,16110.0,100.0,1258.0,39.0,0.0,0.0,0.712572753429413,-0.10355670005083085,9.818105697631836,-0.0024512410163879395,0.025822224095463756,-0.05071014165878296
1727325237.5322192,16063.0,100.0,1248.0,39.0,0.0,0.0,0.7215797901153564,-0.16694001853466037,9.77743911743164,0.003439188236370683,0.03539621829986572,-0.016532838344573975
1727325237.6216233,16063.0,100.0,1248.0,39.0,0.0,0.0,0.676077425479889,-0.12903007864952087,9.686058998107912,0.0022143123205751185,0.04551558941602707,0.0022962684743106365
1727325237.7161689,16063.0,100.0,1214.0,42.0,0.0,0.0,0.5752785205841064,-0.14121156930923462,9.65709114074707,0.0007912517176009716,0.041642788797616966,0.027211010456085205
1727325237.8006902,16081.0,100.0,1214.0,42.0,0.0,0.0,0.5248997211456299,-0.16819106042385104,9.653372764587404,0.002574920887127519,0.03586113452911377,0.059920549392700195
1727325237.8389697,16081.0,100.0,1214.0,42.0,0.0,0.0,0.5017378330230713,-0.17225569486618042,9.646772384643555,0.0034570696298033003,0.03616809844970703,0.05552769079804421
1727325237.892774,16081.0,100.0,1214.0,42.0,0.0,0.0,0.43718498945236206,-0.1275937855243683,9.52991580963135,0.0007316468982025981,0.03005713410675526,0.0632748007774353
1727325237.9841347,16081.0,100.0,1201.0,40.0,0.0,0.0,0.4857066869735718,-0.22631515562534335,9.667034149169922,0.004266202915459872,0.018259882926940918,0.06220341101288796
1727325238.089555,16082.0,100.0,1201.0,40.0,0.0,0.0,0.5202480554580688,-0.24117302894592285,9.736926078796388,0.009904801845550537,0.009687245823442938,0.06219298392534256
1727325238.1586967,16082.0,100.0,1201.0,40.0,0.0,0.0,0.49469220638275146,-0.1857529580593109,9.754765510559084,0.01681298017501831,0.003892183536663652,0.057660043239593506
1727325238.197219,16082.0,100.0,1201.0,40.0,0.0,0.0,0.48263546824455267,-0.1101275086402893,9.756338119506836,0.01641512103378773,0.0011175870895385742,0.05681515112519265
1727325238.2712572,16082.0,100.0,1164.0,49.0,0.0,0.0,0.46754908561706543,-0.04132487624883652,9.713382720947266,0.006353856530040503,-0.004854798316955566,0.06145239621400833
1727325238.3421245,16082.0,100.0,1164.0,49.0,0.0,0.0,0.466245323419571,-0.05894052609801293,9.724159240722656,0.002154708141461015,-0.008684396743774414,0.058144330978393555
1727325238.431561,16070.0,100.0,1164.0,49.0,0.0,0.0,0.5111470818519593,-0.09539847075939178,9.715654373168945,0.004309415817260742,-0.01836270280182362,0.06424785405397417
1727325238.5228353,16070.0,100.0,1128.0,54.0,0.0,0.0,0.5461907386779785,-0.15889284014701843,9.674787521362305,-0.006455182563513518,-0.024217363446950912,0.05502551421523095
1727325238.5612388,16070.0,100.0,1128.0,54.0,0.0,0.0,0.5365701317787172,-0.17912933230400085,9.673471450805664,-0.003969669807702304,-0.019504129886627197,0.048053257167339325
1727325238.6152797,16070.0,100.0,1128.0,54.0,0.0,0.0,0.570526421070099,-0.21959373354911804,9.666393280029297,-0.0013574957847595215,-0.022099915891885757,0.03435016050934792
1727325238.7008915,16047.0,100.0,1128.0,54.0,0.0,0.0,0.5881739854812622,-0.22207896411418918,9.666257858276367,0.013019145466387274,-0.020942091941833496,0.01803487539291382
1727325238.7914808,16047.0,100.0,1101.0,54.0,0.0,0.0,0.632209062576294,-0.2557730972766877,9.730653762817383,0.024089215323328975,-0.029467042535543442,0.011016426607966423
1727325238.8863544,16047.0,100.0,1101.0,54.0,0.0,0.0,0.6155699491500854,-0.11519986391067505,9.675698280334474,0.03240257501602173,-0.01799464225769043,0.010965765453875067
1727325238.9750772,16074.0,100.0,1101.0,54.0,0.0,0.0,0.6223753690719604,-0.08277926594018938,9.662200927734375,0.029699506238102916,-0.02202093787491322,0.02842545509338379
1727325239.0648353,16074.0,100.0,1103.0,32.0,0.0,0.0,0.6553174257278442,-0.05179145932197571,9.697105407714844,0.025472043082118038,-0.022855397313833237,0.04282891377806664
1727325239.1023455,16074.0,100.0,1103.0,32.0,0.0,0.0,0.6756447553634644,-0.08566977828741075,9.702296257019045,0.020611286163330078,-0.01975745148956776,0.05605816841125488
1727325239.1548405,16074.0,100.0,1103.0,32.0,0.0,0.0,0.7179912328720093,-0.1398482322692871,9.76397705078125,0.015422701835632324,-0.01147836446762085,0.06908775120973588
1727325239.1925106,16074.0,100.0,1103.0,32.0,0.0,0.0,0.7343857884407045,-0.18973790109157565,9.78671169281006,0.021724406629800797,-0.010026992298662664,0.07115453481674194
1727325239.338439,16041.0,100.0,1079.0,49.0,0.0,0.0,0.7359450459480287,-0.1856297701597214,9.828553199768068,0.029577316716313366,0.0010222196578979492,0.09859950095415117
1727325239.3724754,16041.0,100.0,1079.0,49.0,0.0,0.0,0.7151356935501099,-0.2045045793056488,9.781444549560547,0.031247740611433986,0.0015661120414733887,0.10127276182174683
1727325239.4585612,16041.0,100.0,1079.0,49.0,0.0,0.0,0.6889747977256776,-0.11134931445121765,9.710264205932617,0.024594372138381008,0.003421307075768709,0.11241289228200914
1727325239.5998442,16060.0,100.0,1078.0,53.0,0.0,0.0,0.6573219895362855,-0.09260641783475877,9.640348434448242,0.002595782512798906,-0.0036790966987609863,0.11706949025392534
1727325239.6904118,16060.0,100.0,1078.0,53.0,0.0,0.0,0.6666032671928407,-0.06282216310501099,9.579586029052734,0.0006899238214828075,-0.01121610403060913,0.09866804629564287
1727325239.7765703,16060.0,100.0,1078.0,53.0,0.0,0.0,0.6844913363456727,-0.07661337405443193,9.60506343841553,-0.02103894762694836,-0.01773983053863049,0.05864500254392624
1727325239.8666215,16102.0,100.0,1234.0,42.0,0.0,0.0,0.7408096194267274,-0.11991287767887115,9.684191703796388,-0.02958625555038452,-0.024919211864471436,-0.0004217028908897192
1727325239.9050598,16102.0,100.0,1234.0,42.0,0.0,0.0,0.7789618968963623,-0.1159423291683197,9.701471328735352,-0.03760606050491333,-0.01960098929703236,-0.027948621660470963
1727325239.9576097,16102.0,100.0,1234.0,42.0,0.0,0.0,0.7804473638534546,-0.12811940908432007,9.713576316833498,-0.0357314981520176,-0.025267904624342922,-0.06328672170639038
1727325239.9955235,16102.0,100.0,1234.0,42.0,0.0,0.0,0.7735589742660522,-0.13092294335365295,9.697423934936523,-0.04947036877274514,-0.026580693200230602,-0.08322447538375854
1727325240.0877392,16102.0,100.0,1234.0,42.0,0.0,0.0,0.8226057291030884,-0.16061739623546603,9.71994400024414,-0.049386925995349884,-0.024811925366520885,-0.12239815294742584
1727325240.1779332,16144.0,100.0,1219.0,32.0,0.0,0.0,0.8458276987075806,-0.2591742277145386,9.761433601379396,-0.048762563616037376,-0.02186298370361328,-0.16474278271198275
1727325240.2641296,16144.0,100.0,1219.0,32.0,0.0,0.0,0.8551647663116455,-0.33458948135375977,9.750429153442383,-0.03626793622970581,-0.01777857728302479,-0.2078220546245575
1727325240.3541868,16144.0,100.0,1219.0,32.0,0.0,0.0,0.8735883235931396,-0.3895203471183777,9.669219970703125,-0.013676286675035955,-0.015991926193237305,-0.250618189573288
1727325240.495084,16122.0,100.0,1228.0,35.0,0.0,0.0,0.8701776862144471,-0.252686083316803,9.553436279296875,0.008733571507036688,-0.00919252634048462,-0.28039070963859564
1727325240.5799723,16122.0,100.0,1228.0,35.0,0.0,0.0,0.8651508092880249,-0.16615317761898044,9.591413497924805,0.02329796552658081,-0.012384355999529363,-0.24917125701904297
1727325240.675378,16122.0,100.0,1220.0,22.0,0.0,0.0,0.8694862127304077,-0.13102465867996216,9.648138046264648,0.0329628586769104,-0.0017791986465454102,-0.20653904974460605
1727325240.759945,16078.0,100.0,1220.0,22.0,0.0,0.0,0.8876055479049683,-0.0635155588388443,9.683205604553224,0.04263519495725632,-0.009781123138964178,-0.1415670067071915
1727325240.7981782,16078.0,100.0,1220.0,22.0,0.0,0.0,0.8972391486167909,-0.0257585309445858,9.706161499023438,0.04074573889374734,-0.004056096076965332,-0.11574777215719224
1727325240.8519278,16078.0,100.0,1220.0,22.0,0.0,0.0,0.9368715882301332,0.0172681026160717,9.737003326416016,0.031186643987894058,0.0033184892963618044,-0.06804764270782471
1727325240.8900793,16078.0,100.0,1220.0,22.0,0.0,0.0,0.9002942442893983,0.044095441699028015,9.740015029907227,0.022536518052220348,-0.0005006790161132812,-0.039511919021606445
1727325240.9440897,16078.0,100.0,1191.0,21.0,0.0,0.0,0.9154345989227295,0.11014770716428758,9.756211280822756,0.018861891701817516,0.0036612157709896564,0.009025634266436102
1727325241.0644681,16074.0,100.0,1191.0,21.0,0.0,0.0,0.9384992718696595,0.15828004479408264,9.756144523620607,-0.014579297974705696,0.014196339063346388,0.12281538546085358
1727325241.1543074,16074.0,100.0,1191.0,21.0,0.0,0.0,0.9541657567024232,0.04456471279263497,9.70589351654053,-0.03327727690339089,0.022837519645690918,0.1818835884332657
1727325241.2438443,16074.0,100.0,1168.0,22.0,0.0,0.0,0.9538715481758119,-0.09731758385896684,9.692135810852053,-0.038494173437356956,0.02035200595855713,0.20164699852466586
1727325241.3817215,16076.0,100.0,1168.0,22.0,0.0,0.0,0.9179702997207642,-0.13507011532783508,9.657258033752443,-0.039364397525787354,0.037296120077371604,0.1961454898118973
1727325241.4763422,16076.0,100.0,1027.0,35.0,0.0,0.0,0.9232954382896424,-0.23500347137451172,9.674580574035646,-0.04004687443375588,0.04235059395432473,0.17172396183013916
1727325241.5608938,16076.0,100.0,1027.0,35.0,0.0,0.0,0.8757311701774598,-0.34024274349212646,9.708489418029787,-0.032491981983184814,0.04344285652041436,0.1386419087648392
1727325241.6458783,16057.0,100.0,1027.0,35.0,0.0,0.0,0.8470486998558046,-0.38320609927177435,9.719439506530763,-0.013308227062225342,0.05556344985961914,0.10145158320665361
1727325241.6842005,16057.0,100.0,1027.0,35.0,0.0,0.0,0.8469536900520326,-0.4398269951343537,9.717991828918459,-0.010988117195665838,0.057357557117938995,0.07576347142457963
1727325241.7382565,16057.0,100.0,1065.0,35.0,0.0,0.0,0.7897796034812928,-0.4180389344692231,9.706319808959961,0.0019297004910185935,0.056976087391376495,0.04570335522294045
1727325241.777461,16057.0,100.0,1065.0,35.0,0.0,0.0,0.79504531621933,-0.4245461523532868,9.683330535888672,0.015619399026036263,0.05812944099307061,0.01934915781021118
1727325241.831343,16057.0,100.0,1065.0,35.0,0.0,0.0,0.7417700290679932,-0.385223001241684,9.631156921386719,0.024846201762557033,0.05748123675584793,-0.015857815742492676
1727325241.952289,16049.0,100.0,1065.0,35.0,0.0,0.0,0.6166993975639344,-0.3984963893890381,9.632056236267092,0.042471293359994895,0.05421489477157593,-0.09580253064632416
1727325242.0425475,16049.0,100.0,801.0,22.0,0.0,0.0,0.552060604095459,-0.30800098180770874,9.677235603332521,0.048822168260812766,0.041866302490234375,-0.14171750843524936
1727325242.1325042,16049.0,100.0,801.0,22.0,0.0,0.0,0.5156910419464111,-0.23237943649291992,9.699220657348633,0.04868805408477783,0.03460795059800149,-0.15764981508255005
1727325242.2739477,16055.0,100.0,1015.0,11.0,0.0,0.0,0.48501986265182495,-0.11241530627012254,9.74147701263428,0.037188827991485596,0.020064411684870723,-0.18617507815361023
1727325242.4534583,16055.0,100.0,1015.0,11.0,0.0,0.0,0.5130679011344911,-0.03309283405542374,9.781732559204102,0.005026162136346103,-0.006683170795440674,-0.1502230912446976
1727325242.542866,16091.0,100.0,1006.0,11.0,0.0,0.0,0.5236965417861938,-0.041383326053619385,9.739794731140138,-0.010386109352111816,-0.00574439810588956,-0.12957751750946045
1727325242.626997,16091.0,100.0,1006.0,11.0,0.0,0.0,0.5453562140464784,-0.04306872561573983,9.722078323364258,-0.04213750734925271,-0.01364350412040949,-0.10972917079925537
1727325242.716028,16091.0,100.0,1006.0,11.0,0.0,0.0,0.5876249670982362,-0.11607886850833893,9.73647212982178,-0.04626214876770974,-0.019086899235844616,-0.0857427716255188
1727325242.8245604,16125.0,100.0,1047.0,21.0,0.0,0.0,0.6160683035850526,-0.20399121940135959,9.749597549438477,-0.05212128534913064,-0.013478101231157781,-0.046816468238830566
1727325242.8971477,16125.0,100.0,1047.0,21.0,0.0,0.0,0.6263165473937988,-0.2659570574760437,9.69542980194092,-0.05034953728318215,-0.005090236663818359,-0.02497881837189198
1727325242.9343772,16125.0,100.0,1047.0,21.0,0.0,0.0,0.6222226619720459,-0.2835052013397217,9.688672065734865,-0.047490004450082786,-0.007617474999278785,-0.014203788712620735
1727325243.0037487,16125.0,100.0,1047.0,21.0,0.0,0.0,0.658588469028473,-0.35628509521484375,9.650484085083008,-0.04109293594956399,-0.00813901424407959,-0.0058576478622853765
1727325243.0768433,16125.0,100.0,1075.0,31.0,0.0,0.0,0.6965548992156982,-0.4304296374320984,9.671672821044922,-0.031104682013392452,-0.000308454065816477,-0.007064639590680599
1727325243.169995,16120.0,100.0,1075.0,31.0,0.0,0.0,0.6856234073638916,-0.4734175205230713,9.65818500518799,-0.011053682304918768,-0.007428228855133057,-0.012187660671770574
1727325243.2534254,16120.0,100.0,1075.0,31.0,0.0,0.0,0.6323437094688417,-0.47584947943687445,9.647789955139162,0.013899803161621094,0.006900729145854712,-0.012999774888157845
1727325243.348568,16120.0,100.0,1059.0,24.0,0.0,0.0,0.614584505558014,-0.4674443006515503,9.65081787109375,0.04623234272003174,0.0056564812548458585,-0.01051872968673706
1727325243.4330037,16117.0,100.0,1059.0,24.0,0.0,0.0,0.5984190106391908,-0.3415992856025696,9.649819374084474,0.0662684291601181,0.005657970439642669,0.0002861022367142141
1727325243.5221992,16117.0,100.0,1059.0,24.0,0.0,0.0,0.6083005070686341,-0.2836166918277741,9.671436309814453,0.06241052597761154,-0.0031605360563844447,0.01624971255660057
1727325243.616424,16117.0,100.0,1166.0,22.0,0.0,0.0,0.6021021008491517,-0.1796424686908722,9.741842269897461,0.07074774056673051,-0.001564622041769326,0.03200024366378784
1727325243.711137,16135.0,100.0,1166.0,22.0,0.0,0.0,0.6053436398506166,0.0025033059064298873,9.767776489257812,0.06280242651700975,-0.0038474793545901775,0.06424486637115479
1727325243.7958217,16135.0,100.0,1166.0,22.0,0.0,0.0,0.6056569814682007,0.07897531986236572,9.798951148986818,0.02355128526687622,-0.00012367963790893555,0.0863507464528084
1727325243.8849301,16135.0,100.0,1162.0,22.0,0.0,0.0,0.6150944828987123,0.08954918384552002,9.765161514282227,0.0024825329892337322,-0.010858474299311638,0.11362581700086595
1727325243.9239256,16135.0,100.0,1162.0,22.0,0.0,0.0,0.6405976414680482,0.04076619073748589,9.731125831604006,-0.012589992955327034,-0.01113563869148493,0.1160741001367569
1727325244.014573,16170.0,100.0,1162.0,22.0,0.0,0.0,0.6364254951477051,-0.05401116237044335,9.7363977432251,-0.03310591354966164,-0.013007224537432195,0.11756719648838043
1727325244.1046505,16170.0,100.0,1162.0,22.0,0.0,0.0,0.6563361883163452,-0.11220470815896989,9.680797576904297,-0.050058960914611816,-0.012101233005523682,0.11106581240892412
1727325244.194151,16170.0,100.0,986.0,23.0,0.0,0.0,0.7106730937957764,-0.23932282626628879,9.712550163269045,-0.06260126829147339,-0.009854138828814031,0.09961873292922974
1727325244.334891,16180.0,100.0,986.0,23.0,0.0,0.0,0.731544017791748,-0.333770751953125,9.608287811279297,-0.0741139128804207,-0.00466257380321622,0.05786866694688797
1727325244.4301188,16180.0,100.0,927.0,24.0,0.0,0.0,0.7516979575157167,-0.44983524084091187,9.603874206542969,-0.06994158029556274,-0.003133714431896806,0.01931041665375233
1727325244.5193694,16180.0,100.0,927.0,24.0,0.0,0.0,0.7844809293746948,-0.6331536173820497,9.67349147796631,-0.03971606492996216,0.006082655396312476,-0.04432797431945801
1727325244.6073787,16159.0,100.0,927.0,24.0,0.0,0.0,0.7651266455650331,-0.6947996616363525,9.668172836303711,-0.007960201241075994,0.021187961101531982,-0.1128763183951378
1727325244.6964135,16159.0,100.0,936.0,26.0,0.0,0.0,0.728280782699585,-0.6416571736335756,9.63887691497803,0.02350360341370106,0.02913177572190762,-0.18576234579086304
1727325244.782181,16159.0,100.0,936.0,26.0,0.0,0.0,0.6703209280967714,-0.5441707372665405,9.690783500671388,0.05341172218322754,0.030118228867650036,-0.23891180753707886
1727325244.9093013,16146.0,100.0,936.0,26.0,0.0,0.0,0.5435397624969482,-0.29315245151519775,9.781229972839357,0.055921077728271484,0.022898616269230846,-0.25766792893409735
1727325244.978876,16146.0,100.0,1136.0,11.0,0.0,0.0,0.47170701622962957,-0.2500408887863159,9.814226150512695,0.052110854536294944,0.022718310356140137,-0.24546833336353305
1727325245.0534406,16146.0,100.0,1136.0,11.0,0.0,0.0,0.4175051152706147,-0.1515505760908127,9.802643775939943,0.049723684787750244,0.009343028999865057,-0.17464756965637207
1727325245.1388679,16146.0,100.0,1136.0,11.0,0.0,0.0,0.438931941986084,-0.06929565966129303,9.720295906066896,0.03473759070038796,-0.00042617321014404297,-0.062426928430795676
1727325245.2348988,16133.0,100.0,1016.0,0.0,0.0,0.0,0.4956422448158264,-0.07609398663043976,9.632121086120607,0.021541118621826172,-0.014063718728721144,0.026363134384155273
1727325245.2740197,16133.0,100.0,1016.0,0.0,0.0,0.0,0.5188233852386475,-0.09128165245056152,9.638669013977053,0.0005230308161117138,-0.021520258858799938,0.048898160457611084
1727325245.328342,16133.0,100.0,1016.0,0.0,0.0,0.0,0.5351812839508057,-0.07365100085735321,9.610231399536133,-0.0024214389268308882,-0.034837424755096436,0.061644617468118675
1727325245.3615742,16133.0,100.0,1016.0,0.0,0.0,0.0,0.5882477760314941,-0.12796019017696383,9.639428138732912,-0.015453992411494255,-0.03028214164078236,0.07168949395418169
1727325245.415531,16133.0,100.0,1016.0,0.0,0.0,0.0,0.608711063861847,-0.13338643312454224,9.633855819702148,-0.021024048328399658,-0.038342177867889404,0.09242743998765947
1727325245.5057976,16098.0,100.0,973.0,25.0,0.0,0.0,0.6266332864761353,-0.17285083234310153,9.693032264709474,-0.035373859107494354,-0.03560184687376022,0.1398861259222031
1727325245.5908687,16098.0,100.0,973.0,25.0,0.0,0.0,0.726127326488495,-0.24180835485458374,9.720498085021974,-0.04022717848420144,-0.04843324422836304,0.173187255859375
1727325245.6810691,16098.0,100.0,1283.0,77.0,0.0,0.0,0.8278928995132446,-0.3311947882175446,9.733078956604006,-0.055928532034158714,-0.03594309091567993,0.19000917673110962
1727325245.781452,16080.0,100.0,1274.0,77.0,0.0,0.0,0.890777885913849,-0.41738831996917725,9.623126983642578,-0.05130171775817871,-0.023929776623845104,0.18228442966938022
1727325245.863204,16080.0,100.0,1274.0,77.0,0.0,0.0,0.9027283787727357,-0.5605006814002992,9.629527091979982,-0.04892797395586968,-0.01781284809112549,0.15006215870380404
1727325245.9021142,16080.0,100.0,1274.0,77.0,0.0,0.0,0.8878413438796997,-0.6211041212081909,9.670035362243654,-0.037352744489908225,-0.00900179147720337,0.11681468784809113
1727325245.9567075,16080.0,100.0,1274.0,77.0,0.0,0.0,0.8822695612907411,-0.7006615400314331,9.676700592041016,-0.027744477614760402,-0.0022575263865292072,0.09158106893301012
1727325245.9908416,16080.0,100.0,1274.0,77.0,0.0,0.0,0.8592467904090882,-0.7139884233474731,9.706558227539062,-0.014424324966967108,0.004467368125915527,0.07395893335342407
1727325246.0815306,16040.0,100.0,1272.0,77.0,0.0,0.0,0.838477373123169,-0.7297570705413818,9.663528442382812,0.014965236186981201,0.012737515382468702,0.030063098296523098
1727325246.1671693,16040.0,100.0,1272.0,77.0,0.0,0.0,0.8465245366096498,-0.6578676700592041,9.632582664489748,0.03558247908949853,0.015000997111201286,-0.006654858123511077
1727325246.2211716,16040.0,100.0,1272.0,77.0,0.0,0.0,0.8469375967979432,-0.614586353302002,9.68124294281006,0.04378706216812134,0.018884243443608287,-0.03578365221619607
1727325246.2599146,16040.0,100.0,1272.0,77.0,0.0,0.0,0.8622602820396424,-0.569973647594452,9.727104187011719,0.04794002324342728,0.01898259483277798,-0.05724133178591729
1727325246.4010406,16085.0,100.0,1267.0,76.0,0.0,0.0,0.7422087788581849,-0.393127053976059,9.813163757324219,0.04945993423461914,0.02056360431015492,-0.08236468583345415
1727325246.489155,16085.0,100.0,1267.0,76.0,0.0,0.0,0.7149149179458618,-0.3082179725170136,9.75816535949707,0.03543049097061157,0.013206900097429754,-0.04532187432050705
1727325246.5781,16085.0,100.0,1303.0,74.0,0.0,0.0,0.8090633749961854,-0.23522767424583435,9.60508441925049,0.02312511391937733,0.02174675464630127,-0.00935942027717829
1727325246.6677966,16112.0,100.0,1303.0,74.0,0.0,0.0,0.7955122590065004,-0.19374884665012362,9.60795307159424,-0.008870662190020086,0.020392239093780518,-0.012239814735949041
1727325246.7060952,16112.0,100.0,1303.0,74.0,0.0,0.0,0.7793505787849427,-0.1844344437122345,9.624292373657227,-0.018690526485443115,0.020422043278813366,-0.02288818359375
1727325246.760041,16112.0,100.0,1303.0,74.0,0.0,0.0,0.7794965505599976,-0.24135079979896545,9.649822235107422,-0.03381371870636941,0.01503676176071167,-0.036431849002838135
1727325246.8507476,16112.0,100.0,1311.0,74.0,0.0,0.0,0.7236641645431519,-0.3536533713340759,9.65541172027588,-0.0490829385817051,0.011707842350006104,-0.048038363456726074
1727325246.978888,16165.0,100.0,1311.0,74.0,0.0,0.0,0.6406825184822084,-0.5103560090065004,9.67732906341553,-0.046475231647491455,0.0050202016718685636,-0.019012391567230225
1727325247.049222,16165.0,100.0,1311.0,74.0,0.0,0.0,0.7210787534713745,-0.6278930902481079,9.725090980529787,-0.04533976688981057,0.0016227364540100098,-0.009739398956298828
1727325247.1237082,16165.0,100.0,1334.0,72.0,0.0,0.0,0.8008999824523926,-0.6477965116500854,9.682658195495607,-0.026522578671574596,0.008161365985870361,-0.025299193337559703
1727325247.2138536,16165.0,100.0,1334.0,72.0,0.0,0.0,0.8417778611183168,-0.637861967086792,9.68508529663086,0.0056236982345581055,0.008822979405522346,-0.08120835572481157
1727325247.2989771,16207.0,100.0,1334.0,72.0,0.0,0.0,0.7508584260940552,-0.5177096128463745,9.696781158447266,0.006122888065874577,0.01545399706810713,-0.11054279655218126
1727325247.389266,16207.0,100.0,1343.0,72.0,0.0,0.0,0.6759620308876039,-0.5216748118400575,9.682485580444336,0.0143468389287591,0.016008317470550537,-0.11712612211704254
1727325247.4279156,16207.0,100.0,1343.0,72.0,0.0,0.0,0.6828751564025879,-0.5378216505050659,9.681045532226562,0.015893580392003063,0.005984306335449219,-0.11853576451539995
1727325247.4820838,16207.0,100.0,1343.0,72.0,0.0,0.0,0.6938209533691406,-0.5216557383537294,9.701244354248047,0.018291175365447998,0.010293723084032537,-0.10394008457660675
1727325247.5657604,16260.0,100.0,1343.0,72.0,0.0,0.0,0.7553623318672181,-0.5392589569091797,9.73719120025635,0.01709014363586903,0.0034034254495054488,-0.10906459391117096
1727325247.6644342,16260.0,100.0,1369.0,73.0,0.0,0.0,0.7703514099121094,-0.4270669221878052,9.735939025878906,0.024521356448531154,0.010190905071794988,-0.12349934875965118
1727325247.749304,16260.0,100.0,1369.0,73.0,0.0,0.0,0.6755403280258179,-0.34766712784767156,9.773224830627443,0.007696450687944889,0.007541478145867587,-0.1149803474545479
1727325247.84438,16298.0,100.0,1369.0,73.0,0.0,0.0,0.6208748817443848,-0.29795351624488836,9.711619377136232,-0.012050569988787176,0.003354252083227039,-0.0414043664932251
1727325247.9292898,16298.0,100.0,1366.0,74.0,0.0,0.0,0.7085980176925659,-0.43162739276885986,9.631097793579102,-0.01713485084474087,-0.006073714233934879,0.002844632137566805
1727325247.9677458,16298.0,100.0,1366.0,74.0,0.0,0.0,0.7452252507209779,-0.4477056562900544,9.632156372070312,-0.011557341553270819,-0.003750622505322099,0.0059410929679870605
1727325248.021737,16298.0,100.0,1366.0,74.0,0.0,0.0,0.7923808097839355,-0.454481303691864,9.57373905181885,-0.01896023936569691,0.004310905933380127,0.006526709068566562
1727325248.055388,16298.0,100.0,1366.0,74.0,0.0,0.0,0.79634690284729,-0.4894952178001404,9.565550804138185,-0.016370417550206188,0.004366039764136077,0.002986192237585783
1727325248.146309,16293.0,100.0,1366.0,74.0,0.0,0.0,0.7051552534103394,-0.5529773235321045,9.568815231323242,-0.012481215409934522,0.005832314956933261,-0.016540292650461197
1727325248.2058444,16293.0,100.0,1379.0,74.0,0.0,0.0,0.6713961958885194,-0.5326281189918519,9.605552673339844,-0.0005647540092468262,0.0052228569984436035,-0.025245549157261852
1727325248.239186,16293.0,100.0,1379.0,74.0,0.0,0.0,0.6742699146270752,-0.5677827596664429,9.623010635375977,-0.002060830825939775,-0.0007942318916320801,-0.014767050743103027
1727325248.329256,16293.0,100.0,1379.0,74.0,0.0,0.0,0.744818150997162,-0.6067575812339784,9.637440681457521,0.01931935362517834,0.003930925391614437,0.01319497637450695
1727325248.4708407,16248.0,100.0,1522.0,72.0,0.0,0.0,0.7933616638183594,-0.5676113963127137,9.786981582641602,0.03578662872314453,0.010490418411791326,0.003893674118444324
1727325248.5552726,16248.0,100.0,1522.0,72.0,0.0,0.0,0.7422477006912231,-0.4690168499946594,9.833419799804688,0.04372746124863625,0.007922948338091375,0.0042244791984558105
1727325248.6446857,16248.0,100.0,1522.0,72.0,0.0,0.0,0.7010481357574463,-0.3837980926036835,9.788003921508789,0.052466981112957,0.023795660585165024,0.030720232054591182
1727325248.735288,16207.0,100.0,1555.0,60.0,0.0,0.0,0.6644437313079834,-0.2665261924266816,9.760123252868654,0.036051873117685325,0.014193356968462469,0.06910115480422974
1727325248.774016,16207.0,100.0,1555.0,60.0,0.0,0.0,0.6590334177017212,-0.2760530114173889,9.761491775512695,0.03191382065415383,0.01329928729683161,0.07838904857635498
1727325248.828127,16207.0,100.0,1555.0,60.0,0.0,0.0,0.658848762512207,-0.28701201081275945,9.743924140930178,0.01795738935470581,0.012062492780387403,0.10137706995010376
1727325248.9133053,16207.0,100.0,1555.0,60.0,0.0,0.0,0.6775557994842529,-0.2925664186477661,9.692489624023438,0.002251565456390381,0.012487174011766912,0.10784268379211426
1727325249.0383608,16219.0,100.0,1158.0,50.0,0.0,0.0,0.691660225391388,-0.303380161523819,9.562779426574709,-0.014996531419456007,0.007930397987365723,0.1089155897498131
1727325249.1274128,16219.0,100.0,1158.0,50.0,0.0,0.0,0.6579574942588807,-0.3968197405338288,9.634393692016602,-0.03223866969347,0.009292365983128548,0.1051888093352318
1727325249.212462,16219.0,100.0,1158.0,50.0,0.0,0.0,0.6023588776588441,-0.4494928419589997,9.671152114868164,-0.02778471074998379,0.010120868682861328,0.10561349242925645
1727325249.358375,16212.0,100.0,1421.0,60.0,0.0,0.0,0.610613524913788,-0.616651177406311,9.707082748413086,-0.004687905777245761,0.006617605686187744,0.12027920037508012
1727325249.448754,16212.0,100.0,1421.0,60.0,0.0,0.0,0.6632947325706483,-0.6420481204986572,9.655366897583008,0.011351705528795721,0.006856025196611881,0.1070275977253914
1727325249.5384786,16212.0,100.0,1634.0,56.0,0.0,0.0,0.6675471663475038,-0.6134241223335267,9.677004814147951,0.03334283083677292,0.015737114474177364,0.06720869243144989
1727325249.627456,16213.0,100.0,1634.0,56.0,0.0,0.0,0.6188964247703553,-0.5201159715652466,9.696425437927248,0.044409934431314475,0.013203918933868408,0.021526219323277477
1727325249.6644137,16213.0,100.0,1634.0,56.0,0.0,0.0,0.5645521879196167,-0.514830768108368,9.696828842163086,0.03581643104553223,0.009612740948796272,0.008170307613909246
1727325249.7181423,16213.0,100.0,1634.0,56.0,0.0,0.0,0.5144655704498291,-0.40126609802246094,9.701457977294922,0.04386305436491967,0.00919252634048462,0.0035181639250367884
1727325249.8082318,16213.0,100.0,1677.0,54.0,0.0,0.0,0.524358093738556,-0.30831754207611084,9.719079971313477,0.03177671879529953,-4.6193596062948934e-05,0.03474950045347214
1727325249.9347825,16203.0,100.0,1677.0,54.0,0.0,0.0,0.5953681468963623,-0.3221213221549988,9.760358810424805,0.01306384988129139,-0.005272030830383301,0.061976920813322074
1727325250.0191476,16203.0,100.0,1677.0,54.0,0.0,0.0,0.6319054365158081,-0.3979167938232422,9.742401123046875,-0.006985663436353207,-0.00808983948081732,0.029480453580617905
1727325250.093667,16203.0,100.0,1731.0,50.0,0.0,0.0,0.6480969190597534,-0.41006156802177435,9.726052284240724,-0.01229792833328247,-0.008048118092119695,-0.004628300666809082
1727325250.167341,16203.0,100.0,1731.0,50.0,0.0,0.0,0.6739142537117006,-0.3939054012298584,9.728597640991211,-0.01871586032211781,-0.00023245811462402344,-0.024825336411595348
1727325250.2554212,16186.0,100.0,1731.0,50.0,0.0,0.0,0.6411221027374268,-0.4546866714954377,9.712536811828615,-0.020156800746917725,-0.0034928317181766033,-0.02730190567672253
1727325250.3451092,16186.0,100.0,1782.0,39.0,0.0,0.0,0.6365403532981874,-0.5533281564712524,9.677285194396974,-0.025029484182596207,0.0027239322662353516,-0.02074539847671986
1727325250.4301338,16186.0,100.0,1782.0,39.0,0.0,0.0,0.6961864233016968,-0.6028862595558168,9.657873153686523,0.002130866283550859,0.0025719404220581055,-0.04399716854095459
1727325250.5198238,16215.0,100.0,1782.0,39.0,0.0,0.0,0.7205512523651123,-0.5931820869445801,9.628030776977539,0.013466180302202703,0.0006154179573059082,-0.08003263175487518
1727325250.609684,16215.0,100.0,1856.0,39.0,0.0,0.0,0.6175308227539062,-0.50922828912735,9.672163009643555,0.037965182214975364,0.01039057970046997,-0.11056958138942719
1727325250.6995792,16215.0,100.0,1856.0,39.0,0.0,0.0,0.59059739112854,-0.42551928758621216,9.698152542114258,0.04075466841459274,0.01177042815834284,-0.10458678752183916
1727325250.820157,16192.0,100.0,1856.0,39.0,0.0,0.0,0.6643360257148744,-0.3176215887069702,9.72477912902832,0.03386288508772851,0.01402348279953003,-0.09978562593460083
1727325250.8948824,16192.0,100.0,1916.0,28.0,0.0,0.0,0.6156371831893921,-0.25160339474678045,9.731997489929201,0.021526221185922623,0.004379451274871826,-0.10099860280752183
1727325250.9647288,16192.0,100.0,1916.0,28.0,0.0,0.0,0.5273545980453491,-0.18683981895446777,9.724667549133303,0.018274784088134766,-0.0003293156623840332,-0.09015650302171709
1727325251.0067358,16192.0,100.0,1916.0,28.0,0.0,0.0,0.5065063238143921,-0.18161889910697937,9.676247596740724,-0.00015050172805786133,0.009138883091509344,-0.07536858320236206
1727325251.1528852,16195.0,100.0,1987.0,29.0,0.0,0.0,0.6106714010238647,-0.25338125228881836,9.586250305175781,-0.024949019774794582,-0.005266070365905762,-0.02339035458862782
1727325251.1911707,16195.0,100.0,1987.0,29.0,0.0,0.0,0.6205502152442933,-0.24803592264652255,9.634775161743164,-0.028212368488311768,-0.0077888364903628835,-0.02491027303040028
1727325251.2413495,16195.0,100.0,1987.0,29.0,0.0,0.0,0.6397587060928345,-0.28057360649108887,9.646712303161623,-0.031988322734832764,-0.02011656574904919,-0.011149048805236816
1727325251.282335,16195.0,100.0,1987.0,29.0,0.0,0.0,0.6588417291641235,-0.3048752844333649,9.662721633911133,-0.03180802240967751,-0.01560002751648426,-0.008429587818682195
1727325251.4241018,16228.0,100.0,2054.0,32.0,0.0,0.0,0.7323215603828431,-0.3953251838684082,9.72006130218506,-0.026160478591918945,-0.0029727816581726074,-0.00028461220790632075
1727325251.5143418,16228.0,100.0,2054.0,32.0,0.0,0.0,0.8004724979400635,-0.4060702323913574,9.75192165374756,-0.01619011349976063,0.0051215291023254395,0.01211762707680464
1727325251.5991611,16228.0,100.0,2054.0,32.0,0.0,0.0,0.750019133090973,-0.44380760192871094,9.76170063018799,-0.007340311072766781,0.015532971359789373,0.011152029968798162
1727325251.6948493,16261.0,100.0,2097.0,31.0,0.0,0.0,0.6556710004806519,-0.5692687630653382,9.736546516418459,0.0007748604402877391,0.02662390656769276,-0.008665025234222412
1727325251.7321544,16261.0,100.0,2097.0,31.0,0.0,0.0,0.6121446490287782,-0.5934816598892212,9.746277809143068,0.011983512900769712,0.027745958417654037,-0.009016693569719793
1727325251.7814107,16261.0,100.0,2097.0,31.0,0.0,0.0,0.601241171360016,-0.6121708750724794,9.71799087524414,0.02504289150238037,0.01157969329506159,-0.010642410255968572
1727325251.8200893,16261.0,100.0,2097.0,31.0,0.0,0.0,0.5942977070808412,-0.624230146408081,9.705875396728516,0.03187507763504983,0.017292797565460205,-0.015245380811393263
1727325251.8746662,16261.0,100.0,2097.0,31.0,0.0,0.0,0.5737266540527344,-0.6104627251625062,9.673669815063477,0.04965365678071976,0.015304984524846077,-0.03690719977021218
1727325252.004106,16286.0,100.0,2153.0,19.0,0.0,0.0,0.529130220413208,-0.4279878437519074,9.633829116821289,0.060440607368946075,-0.0029429798014461994,-0.06911308318376543
1727325252.093649,16286.0,100.0,2153.0,19.0,0.0,0.0,0.5390610098838807,-0.2321244180202484,9.65568733215332,0.06305874139070512,-0.003281235694885254,-0.04246830567717553
1727325252.1624634,16286.0,100.0,2153.0,19.0,0.0,0.0,0.5735232234001161,-0.12980745732784274,9.681230545043945,0.04399865120649338,-0.014157594181597235,-0.013561544939875603
1727325252.2370856,16286.0,100.0,2208.0,19.0,0.0,0.0,0.5902527570724487,-0.09631978720426561,9.722994804382326,0.026439130306243896,-0.016854705289006237,0.01858919858932495
1727325252.3319666,16264.0,100.0,621.0,81.0,0.0,0.0,0.6994982957839966,-0.023957092314958572,9.78036117553711,-0.010445713996887207,-0.016340615227818493,0.06983429193496704
1727325252.3701572,16264.0,100.0,621.0,81.0,0.0,0.0,0.7241253852844238,-0.08759371936321259,9.80569076538086,-0.023345645517110825,-0.023476781323552135,0.09477733820676805
1727325252.422508,16264.0,100.0,621.0,81.0,0.0,0.0,0.7429404258728027,-0.14321160316467285,9.808157920837404,-0.03744513168931008,-0.008602440357208252,0.12799502909183505
1727325252.5121841,16264.0,100.0,629.0,80.0,0.0,0.0,0.755750596523285,-0.2593168616294861,9.741720199584961,-0.04264413937926293,-0.0021249055862426758,0.16375331580638888
1727325252.6016893,16255.0,100.0,629.0,80.0,0.0,0.0,0.7490865588188172,-0.38355705142021185,9.613308906555178,-0.05600154772400857,0.012236833572387695,0.17307700216770175
1727325252.6910257,16255.0,100.0,629.0,80.0,0.0,0.0,0.6668118834495546,-0.46035185456275945,9.534163475036623,-0.05199164524674416,0.012123584747314453,0.1298576295375824
1727325252.7816012,16255.0,100.0,641.0,77.0,0.0,0.0,0.5240660309791566,-0.5857975482940674,9.55523681640625,-0.03856420144438744,0.005581974983215332,0.07712840288877489
1727325252.8766074,16230.0,100.0,641.0,77.0,0.0,0.0,0.43218177556991577,-0.6099133491516113,9.608522415161133,-0.02196580544114113,-0.015647713094949722,0.02734959684312344
1727325252.9095476,16230.0,100.0,641.0,77.0,0.0,0.0,0.4295670986175537,-0.6030760407447816,9.612610816955568,-0.010204314254224302,-0.02225637063384056,0.029012557119131088
1727325252.963276,16230.0,100.0,641.0,77.0,0.0,0.0,0.49369800090789795,-0.5962378978729248,9.631032943725586,-0.000901520368643105,-0.02648979984223843,0.01685917377471924
1727325252.9976199,16230.0,100.0,641.0,77.0,0.0,0.0,0.5540518164634706,-0.5948563814163208,9.689971923828125,0.007084012497216464,-0.03563910722732544,0.013507905416190626
1727325253.0512674,16230.0,100.0,644.0,78.0,0.0,0.0,0.6039853096008301,-0.6110782623291016,9.815094947814943,0.01928508467972279,-0.04864335060119629,0.0012546777725219727
1727325253.0898693,16230.0,100.0,644.0,78.0,0.0,0.0,0.6504340767860414,-0.6138036847114564,9.848481178283693,0.017553571611642838,-0.04614145681262017,-0.012166800908744337
1727325253.179805,16192.0,100.0,644.0,78.0,0.0,0.0,0.7829995751380922,-0.5812137126922607,9.9285364151001,0.03356039524078369,-0.04940480366349221,-0.023667516186833385
1727325253.2699554,16192.0,100.0,644.0,78.0,0.0,0.0,0.9840274453163148,-0.478401780128479,9.902935028076172,0.04190652817487717,-0.030536951497197155,-0.02772360853850842
1727325253.359678,16192.0,100.0,647.0,79.0,0.0,0.0,1.0683953762054443,-0.416037529706955,9.756689071655273,0.04140585660934448,0.0011399389477446677,-0.03804266825318337
1727325253.500185,16157.0,100.0,647.0,79.0,0.0,0.0,1.032515287399292,-0.3604705631732941,9.537109375,0.03224164620041848,0.045493245124816895,-0.08792877197265625
1727325253.5896425,16157.0,100.0,645.0,78.0,0.0,0.0,0.8594671487808228,-0.38078737258911133,9.507316589355469,0.024630134925246242,0.05356818437576294,-0.11436492204666138
1727325253.6790807,16157.0,100.0,645.0,78.0,0.0,0.0,0.7208380103111268,-0.3444675803184509,9.513786315917969,0.01999587379395962,0.058829791843891144,-0.1127973347902298
1727325253.768702,16122.0,100.0,645.0,78.0,0.0,0.0,0.6206689476966859,-0.3245428800582886,9.561807632446289,1.0430813745188063e-05,0.047403573989868164,-0.12548118829727173
1727325253.8020477,16122.0,100.0,645.0,78.0,0.0,0.0,0.5868191123008729,-0.30697366595268255,9.56477165222168,0.0038132071495056152,0.04084258899092675,-0.13017207384109497
1727325253.8611708,16122.0,100.0,630.0,79.0,0.0,0.0,0.556227445602417,-0.26529401540756226,9.640648841857912,-0.004149973392486572,0.030963124707341198,-0.13206155598163608
1727325253.9511406,16122.0,100.0,630.0,79.0,0.0,0.0,0.5163305997848511,-0.25079965591430664,9.751633644104006,-0.02013892121613026,0.018039345741271973,-0.12074708938598633
1727325254.072264,16102.0,100.0,630.0,79.0,0.0,0.0,0.5281811356544496,-0.30917465686798096,9.880993843078615,-0.02980381436645985,0.002606213092803955,-0.08405447006225586
1727325254.162872,16102.0,100.0,630.0,78.0,0.0,0.0,0.6183741092681885,-0.3214047849178315,9.916735649108888,-0.029249491170048717,-0.01510530710220337,-0.03813206776976586
1727325254.2477043,16102.0,100.0,630.0,78.0,0.0,0.0,0.7140105366706849,-0.3765892684459687,9.80660152435303,-0.03010034747421742,-0.008031725883483887,-0.032112006098032005
1727325254.3941002,16099.0,100.0,671.0,76.0,0.0,0.0,0.809506893157959,-0.5101076364517212,9.697677612304688,-0.028254093602299694,0.0005245209322310985,-0.04143118858337402
1727325254.479158,16099.0,100.0,671.0,76.0,0.0,0.0,0.8307713270187378,-0.5772784352302552,9.65152359008789,-0.009965896606445312,0.0071570281870663175,-0.05479604378342629
1727325254.5691772,16099.0,100.0,671.0,76.0,0.0,0.0,0.8017066717147827,-0.5918048620223999,9.605855941772461,0.012512507848441603,0.024081770330667496,-0.08088649809360504
1727325254.6594267,16093.0,100.0,689.0,77.0,0.0,0.0,0.7593696117401123,-0.48879122734069824,9.55372428894043,0.03626643866300583,0.027671454474329952,-0.10702460259199144
1727325254.7441652,16093.0,100.0,689.0,77.0,0.0,0.0,0.6531978249549867,-0.35234239697456365,9.52102279663086,0.041159987449645996,0.028023125603795055,-0.10354816913604736
1727325254.7812312,16093.0,100.0,689.0,77.0,0.0,0.0,0.6164208054542543,-0.29705330729484564,9.49708366394043,0.036330513656139374,0.030454995110630993,-0.09277909249067308
1727325254.8342347,16093.0,100.0,689.0,77.0,0.0,0.0,0.5705318450927734,-0.24178893864154818,9.529912948608398,0.03368556872010232,0.022929912433028225,-0.07894635200500488
1727325254.9646287,16072.0,100.0,694.0,78.0,0.0,0.0,0.5121949315071107,-0.20187413692474365,9.693716049194336,0.004202127922326327,-0.003017484908923507,-0.0328555628657341
1727325255.0488153,16072.0,100.0,694.0,78.0,0.0,0.0,0.46020710468292236,-0.2685092985630036,9.842426300048828,-0.014960766769945623,-0.016263127326965332,-0.007128715515136719
1727325255.1381717,16072.0,100.0,694.0,78.0,0.0,0.0,0.44159564375877386,-0.29161146283149725,9.910006523132326,-0.016161799430847168,-0.021043421700596813,0.04919768124818802
1727325255.2793226,16060.0,100.0,718.0,78.0,0.0,0.0,0.6377118229866029,-0.43589627742767334,9.761149406433107,-0.01192689221352339,-0.0393792986869812,0.13634416460990906
1727325255.3649824,16060.0,100.0,718.0,78.0,0.0,0.0,0.8821890950202943,-0.570697546005249,9.722626686096193,-0.0013500452041625977,-0.0551566556096077,0.1343175917863846
1727325255.4558713,16060.0,100.0,718.0,77.0,0.0,0.0,0.9449738860130311,-0.5530180931091309,9.796457290649414,0.015668572857975963,-0.027063488960266113,0.10707975178956987
1727325255.5443957,16020.0,100.0,718.0,77.0,0.0,0.0,0.8832449913024902,-0.45965272188186646,9.7188196182251,0.016251208260655407,-0.01031309273093939,0.0679701566696167
1727325255.6344326,16020.0,100.0,718.0,77.0,0.0,0.0,0.9039961099624634,-0.3893645107746125,9.574378967285156,0.008413195610046387,0.0023886561393737793,0.06148964539170266
1727325255.7243714,16020.0,100.0,706.0,78.0,0.0,0.0,0.9415850043296815,-0.3960905075073242,9.530920982360842,0.00795275066047907,0.014629960991442205,0.08292198181152344
1727325255.828207,15986.0,100.0,706.0,78.0,0.0,0.0,0.8272873163223267,-0.3772538006305695,9.527759552001953,0.005625188816338778,0.02279132604598999,0.09552390128374101
1727325255.9016645,15986.0,100.0,706.0,78.0,0.0,0.0,0.7251034379005433,-0.39619338512420654,9.52174186706543,0.001157820341177285,0.036238133907318115,0.08491873741149902
1727325255.9903219,15986.0,100.0,715.0,79.0,0.0,0.0,0.6468166708946229,-0.37341123819351196,9.580387115478516,-0.0063672661781311035,0.019547345116734508,0.06787926703691484
1727325256.080375,15986.0,100.0,715.0,79.0,0.0,0.0,0.6435708403587342,-0.3722409904003144,9.684326171875,-0.012613833881914617,0.008672475814819336,0.06089359521865845
1727325256.1647816,15966.0,100.0,715.0,79.0,0.0,0.0,0.616862416267395,-0.43318861722946167,9.761351585388185,-0.01601427979767323,0.003865361446514726,0.05963147431612015
1727325256.2595022,15966.0,100.0,723.0,80.0,0.0,0.0,0.6665041446685791,-0.4927287697792053,9.870183944702148,-0.015690919011831284,-0.0028029086533933882,0.04726201295852661
1727325256.3441541,15966.0,100.0,723.0,80.0,0.0,0.0,0.7386316657066346,-0.5371734499931337,9.887123107910156,-0.007805229630321265,-0.0005736947641707958,0.03349334001541138
1727325256.428512,15939.0,100.0,723.0,80.0,0.0,0.0,0.7772727012634277,-0.5503899455070497,9.784241676330568,0.0024512412492185835,0.005684792995452881,0.012803077697753906
1727325256.518249,15939.0,100.0,717.0,81.0,0.0,0.0,0.7954599261283876,-0.5218604803085327,9.649200439453125,-0.0014185905456542969,0.007142127957195044,-0.02718716859817505
1727325256.60787,15939.0,100.0,717.0,81.0,0.0,0.0,0.7272419333457948,-0.4380273520946503,9.610716819763185,0.005082786548882724,0.01590549945831299,-0.038397315889596946
1727325256.7288983,15936.0,100.0,717.0,81.0,0.0,0.0,0.6939462423324585,-0.5203948616981507,9.53523921966553,-0.0022351741790771484,0.01481920573860407,-0.0005885958671569824
1727325256.8032959,15936.0,100.0,727.0,82.0,0.0,0.0,0.7021326422691346,-0.5783910751342773,9.559374809265138,0.006756187416613102,0.018036367371678356,-0.006718934513628483
1727325256.8722515,15936.0,100.0,727.0,82.0,0.0,0.0,0.737962007522583,-0.6324117779731752,9.639994621276857,0.01341551821678877,0.019913911819458008,-0.037680570036172874
1727325257.0512128,15928.0,100.0,718.0,83.0,0.0,0.0,0.6799724698066713,-0.5311815142631532,9.88491725921631,0.029113890603184703,0.02291649580001831,-0.15009045600891113
1727325257.2259183,15928.0,100.0,718.0,83.0,0.0,0.0,0.6605342030525209,-0.35829576849937445,9.801686286926271,0.02326369285583496,0.028279423713684082,-0.11653155833482744
1727325257.3153446,15922.0,100.0,722.0,83.0,0.0,0.0,0.6037594079971313,-0.2664368152618408,9.633551597595217,0.0132828950881958,0.028680261224508286,-0.06177276000380517
1727325257.3534808,15922.0,100.0,722.0,83.0,0.0,0.0,0.5909590721130371,-0.2571622133255005,9.555382728576662,-0.007772446610033512,0.032456222921609885,-0.04228651523590088
1727325257.4072356,15922.0,100.0,722.0,83.0,0.0,0.0,0.5569784045219422,-0.28159514069557195,9.538022994995117,-0.01711845584213734,0.02009868249297142,-0.03278851881623269
1727325257.4410884,15922.0,100.0,722.0,83.0,0.0,0.0,0.5202856659889222,-0.36953413486480713,9.547574996948242,-0.02738684974610806,0.010958315804600716,-0.02809465304017067
1727325257.491142,15922.0,100.0,722.0,83.0,0.0,0.0,0.4060860872268677,-0.41553694009780884,9.528087615966797,-0.038424134254455566,-0.008195639587938787,-0.04127920046448708
1727325257.530696,15922.0,100.0,722.0,83.0,0.0,0.0,0.3858987987041474,-0.4709295332431794,9.572683334350586,-0.03418475389480591,-0.008679927326738836,-0.05179793760180474
1727325257.6209166,15882.0,100.0,745.0,84.0,0.0,0.0,0.3945144712924958,-0.5681744813919067,9.648020744323732,-0.024376811459660534,-0.01837313175201416,-0.0470489226281643
1727325257.7102845,15882.0,100.0,745.0,84.0,0.0,0.0,0.526895821094513,-0.5747314691543579,9.695614814758303,-0.0036701555363833904,-0.03098845295608044,-0.022572280839085582
1727325257.8000262,15882.0,100.0,745.0,84.0,0.0,0.0,0.760253131389618,-0.5906764268875122,9.81937885284424,0.023640692234039307,-0.029614573344588283,-0.017513336613774303
1727325257.941191,15854.0,100.0,759.0,86.0,0.0,0.0,0.951789677143097,-0.4094505310058594,9.796711921691896,0.033509735018014915,-0.0033572320826351643,-0.06992816925048828
1727325258.12076,15854.0,100.0,781.0,90.0,0.0,0.0,0.6334878206253052,-0.3407650589942932,9.621052742004396,0.013060868717730047,0.02620518207550049,-0.016580522060394287
1727325258.2050757,15834.0,100.0,781.0,90.0,0.0,0.0,0.43359285593032837,-0.36122000217437744,9.599536895751953,-0.0001907349069369957,0.010582805611193182,0.0433802604675293
1727325258.24308,15834.0,100.0,781.0,90.0,0.0,0.0,0.4336425960063935,-0.4125597774982453,9.592695236206055,0.0012949107913300397,-0.005444883368909359,0.05634575709700585
1727325258.2964213,15834.0,100.0,781.0,90.0,0.0,0.0,0.4443390369415283,-0.440850704908371,9.572319984436037,-0.001220405101776123,-0.006029009819030762,0.062091652303934104
1727325258.33439,15834.0,100.0,781.0,90.0,0.0,0.0,0.5028377175331117,-0.44359421730041504,9.578624725341797,0.0007092952728271484,-0.0035271048545837402,0.0644892528653145
1727325258.3929882,15834.0,100.0,798.0,90.0,0.0,0.0,0.5765653848648071,-0.4260412752628327,9.597000122070312,-0.002758204471319914,-0.017085669562220577,0.056894123554229736
1727325258.518759,15814.0,100.0,798.0,90.0,0.0,0.0,0.754950761795044,-0.4492161273956299,9.837211608886719,0.0033482911530882124,-0.017082691192626953,0.06245524436235428
1727325258.6034591,15814.0,100.0,798.0,90.0,0.0,0.0,0.8079805374145508,-0.4964929223060608,9.85833263397217,0.0028386709745973353,-0.011171398684382439,0.060255821794271476
1727325258.6934266,15814.0,100.0,809.0,90.0,0.0,0.0,0.8320180773735047,-0.4787883758544922,9.813653945922852,0.013245642185211182,0.0004723668389488012,0.06268322467803955
1727325258.8298907,15809.0,100.0,809.0,90.0,0.0,0.0,0.6884153485298158,-0.49075400829315186,9.718891143798828,0.019872190430760387,0.011470913887023926,0.05489736795425415
1727325258.9250507,15809.0,100.0,830.0,92.0,0.0,0.0,0.610600769519806,-0.4094073176383972,9.642685890197756,0.038163356482982635,0.007350741885602474,0.09566695243120195
1727325259.0102158,15809.0,100.0,830.0,92.0,0.0,0.0,0.6265294551849365,-0.3622280955314636,9.5711145401001,0.02713353000581265,0.0021666288375854492,0.13209283351898193
1727325259.0998616,15820.0,100.0,830.0,92.0,0.0,0.0,0.6974924802780151,-0.33399435877799993,9.584117889404297,0.018268823623657227,-0.004154444206506015,0.13466925919055941
1727325259.1367726,15820.0,100.0,830.0,92.0,0.0,0.0,0.7124252319335938,-0.35439276695251465,9.586669921875,0.007323921658098698,-0.0017091635381802919,0.13282302021980286
1727325259.1893034,15820.0,100.0,918.0,57.0,0.0,0.0,0.7490749359130859,-0.32476550340652466,9.593204498291016,0.004334748256951571,0.0070258984342217445,0.13066381216049194
1727325259.2324967,15820.0,100.0,1460.0,81.0,0.0,0.0,0.7451421022415161,-0.33559149503707886,9.60940456390381,-0.0011920928955078125,0.0034317376557737593,0.12833774089813232
1727325259.281414,15820.0,100.0,1460.0,81.0,0.0,0.0,0.7520735859870912,-0.33703047037124634,9.633649826049805,-0.005964933894574642,0.006836652290076018,0.13704147934913635
1727325259.406704,15841.0,100.0,1460.0,81.0,0.0,0.0,0.6880550384521484,-0.3925460278987885,9.666427612304688,-0.014650819823145866,0.024321673437953,0.12089161574840546
1727325259.4806306,15841.0,100.0,1460.0,81.0,0.0,0.0,0.6191951036453247,-0.4574572145938874,9.737004280090334,-0.013916192576289177,0.016100702807307247,0.09149461239576341
1727325259.5549319,15841.0,100.0,1460.0,81.0,0.0,0.0,0.5584054589271547,-0.5034263134002686,9.791348457336428,-0.011441112495958807,0.009460748173296453,0.07227808237075806
1727325259.5868332,15841.0,100.0,1460.0,81.0,0.0,0.0,0.5192732214927674,-0.5223402976989746,9.83884906768799,-0.009198487736284735,0.004878639243543148,0.06064027920365334
1727325259.7336004,15837.0,100.0,1460.0,81.0,0.0,0.0,0.6106775403022767,-0.6098493933677674,9.887957572937013,0.014187398366630079,0.0013783575268462302,0.025759641081094742
1727325259.8231888,15837.0,100.0,1460.0,81.0,0.0,0.0,0.7761472463607788,-0.5474355220794678,9.828822135925295,0.03081113286316395,0.01160651445388794,0.022879244759678844
1727325259.9129946,15837.0,100.0,1460.0,81.0,0.0,0.0,0.8275699019432069,-0.4187571406364441,9.591150283813477,0.03250837698578835,0.02981424331665039,0.03909171000123025
1727325260.002231,15845.0,100.0,1431.0,79.0,0.0,0.0,0.7411206960678101,-0.3309569656848908,9.482617378234865,0.025129321962594986,0.0470683015882969,0.01706629991531372
1727325260.0918007,15845.0,100.0,1431.0,79.0,0.0,0.0,0.4582942426204682,-0.3096721470355988,9.45369052886963,-0.0008523464202880859,0.032205883413553245,-0.020879503339529037
1727325260.181394,15845.0,100.0,1431.0,79.0,0.0,0.0,0.21919967234134677,-0.3329220116138459,9.432461738586428,-0.02211183495819569,-0.004395842552185059,-0.03733038902282715
1727325260.281361,15850.0,100.0,1406.0,80.0,0.0,0.0,0.2752675116062165,-0.43595907092094427,9.686931610107422,-0.02380759082734585,-0.011709334328770638,-0.025433305650949478
1727325260.360245,15850.0,100.0,1406.0,80.0,0.0,0.0,0.39879363775253296,-0.5116938352584839,9.85188961029053,-0.018315017223358154,-0.025202335789799694,0.007763506378978492
1727325260.4486663,15850.0,100.0,1406.0,80.0,0.0,0.0,0.7536740899086,-0.5710448622703553,10.056989669799805,0.00023096804216038438,-0.029011070728302002,0.02025515399873257
1727325260.5392065,15850.0,100.0,1396.0,80.0,0.0,0.0,0.9637916684150697,-0.5303167700767518,9.98263454437256,0.002872943878173828,-0.008700788952410223,-0.008851290680468084
1727325260.576251,15881.0,100.0,1396.0,80.0,0.0,0.0,0.952605128288269,-0.5126800537109375,9.963863372802734,0.007413327693939209,0.008259714581072332,-0.023965537548065186
1727325260.6255703,15881.0,100.0,1396.0,80.0,0.0,0.0,0.8965190649032593,-0.48155122995376587,9.892805099487305,0.0020116565283387904,-0.0005558132543228568,-0.05257724970579147
1727325260.6641035,15881.0,100.0,1396.0,80.0,0.0,0.0,0.8343307375907899,-0.4611251056194306,9.786703109741211,0.004896522033959628,0.026360156014561657,-0.06556957960128784
1727325260.7179964,15881.0,100.0,1396.0,80.0,0.0,0.0,0.657914400100708,-0.44884932041168213,9.631470680236818,0.0032767655793577437,0.02620518207550049,-0.08812696486711503
1727325260.7567759,15881.0,100.0,1396.0,80.0,0.0,0.0,0.5631492733955384,-0.46889734268188477,9.466105461120607,0.005060434807091952,0.013267993927001953,-0.08875877410173418
1727325260.8110106,15881.0,100.0,1384.0,80.0,0.0,0.0,0.5079225897789003,-0.44999352097511297,9.365342140197756,-0.006034970283508301,0.024048985913395885,-0.10466576367616655
1727325260.9013984,15895.0,100.0,1384.0,80.0,0.0,0.0,0.5381216406822206,-0.5079814195632935,9.39064121246338,0.0012993812561035156,0.009195507504045965,-0.1316651701927185
1727325260.991099,15895.0,100.0,1384.0,80.0,0.0,0.0,0.6014752388000488,-0.5123473405838013,9.692492485046388,0.0069156293757259854,0.0001564621925354004,-0.1556411534547806
1727325261.081456,15895.0,100.0,1369.0,66.0,0.0,0.0,0.5808714032173158,-0.45982253551483154,9.860105514526367,0.012917816638946533,-0.0003904104523826391,-0.13194531202316284
1727325261.205157,15909.0,100.0,1369.0,66.0,0.0,0.0,0.6027721166610718,-0.3046112656593323,9.838617324829102,0.009474159218370916,-0.0043720011599361905,-0.010363757610321045
1727325261.2589636,15909.0,100.0,1369.0,66.0,0.0,0.0,0.574634313583374,-0.32890695333480835,9.718656539916992,0.0038370492402464156,-0.0024110074155032635,0.037641823291778564
1727325261.2925563,15909.0,100.0,1369.0,66.0,0.0,0.0,0.5618988275527954,-0.326043963432312,9.632383346557617,0.006979703903198242,-0.00498145865276456,0.0521734356880188
1727325261.3471828,15909.0,100.0,1351.0,53.0,0.0,0.0,0.509309232234955,-0.3800339698791504,9.49095344543457,-0.00548958731815219,-0.015969574451446533,0.04809647426009179
1727325261.3824105,15909.0,100.0,1351.0,53.0,0.0,0.0,0.48603367805480957,-0.39615449309349066,9.458704948425295,-0.003436208236962557,-0.025078656151890758,0.03963261842727661
1727325261.4726777,15893.0,100.0,1351.0,53.0,0.0,0.0,0.4906354546546936,-0.5380691289901733,9.538032531738281,-0.009188056923449041,-0.036938488483428955,-0.022979082539677623
1727325261.52093,15893.0,100.0,1351.0,53.0,0.0,0.0,0.5636150240898133,-0.5882315039634706,9.685849189758303,-0.007776916027069092,-0.03880858793854714,-0.04964620247483254
1727325261.557859,15893.0,100.0,1351.0,53.0,0.0,0.0,0.6648392677307129,-0.6016294360160829,9.767417907714844,0.003993511199951172,-0.043751310557127006,-0.06448924541473389
1727325261.6169393,15893.0,100.0,1561.0,46.0,0.0,0.0,0.812508523464203,-0.6096502542495728,9.88102912902832,0.015909971669316295,-0.042282044887542725,-0.06670505553483964
1727325261.6553357,15893.0,100.0,1561.0,46.0,0.0,0.0,0.9106851816177368,-0.5610181093215942,9.923580169677734,0.01989454217255116,-0.03479719534516335,-0.06277710199356079
1727325261.7923274,15896.0,100.0,1561.0,46.0,0.0,0.0,1.0095704793930056,-0.39072409272193914,9.904294967651367,0.03204345703125,0.0019490720005705955,-0.036044418811798096
1727325261.887066,15896.0,100.0,1576.0,34.0,0.0,0.0,0.8075589537620546,-0.3459391295909882,9.615705490112305,0.024999679997563366,0.023604929447174072,-0.021293761208653453
1727325261.9754112,15896.0,100.0,1576.0,34.0,0.0,0.0,0.6048586368560791,-0.35532417893409735,9.403933525085451,0.013113022781908514,0.024552645161747936,0.004817545413970947
1727325262.063776,15893.0,100.0,1576.0,34.0,0.0,0.0,0.5998620986938477,-0.3432458341121674,9.440417289733888,0.010842085815966131,0.006447732914239169,0.016002357006072998
1727325262.153694,15893.0,100.0,1108.0,53.0,0.0,0.0,0.7714002132415771,-0.32728469371795654,9.651073455810547,0.01143515296280384,-0.0032782559283077717,0.02022684179246426
1727325262.2435343,15893.0,100.0,1108.0,53.0,0.0,0.0,0.8703271150588989,-0.23441603779792786,9.797617912292482,0.004890561569482089,0.008393825031816961,0.028978288173675537
1727325262.3617036,15889.0,100.0,1108.0,53.0,0.0,0.0,0.7546649575233461,-0.2954156994819641,9.82942295074463,-0.008179248310625555,0.020682815462350845,0.056245934218168266
1727325262.4362276,15889.0,100.0,1055.0,40.0,0.0,0.0,0.5894361734390259,-0.33593043684959417,9.74284076690674,-0.01647025160491467,0.02291500382125378,0.06658731400966644
1727325262.5058937,15889.0,100.0,1055.0,40.0,0.0,0.0,0.5647804737091064,-0.40058466792106634,9.686212539672852,-0.009682775475084783,0.0017732384148985147,0.06166697666049004
1727325262.5452724,15889.0,100.0,1055.0,40.0,0.0,0.0,0.6206201314926147,-0.43038120865821844,9.722177505493164,-0.012767315842211248,0.007517636287957431,0.04194974899291992
1727325262.689808,15898.0,100.0,1371.0,25.0,0.0,0.0,0.8764089941978456,-0.33161455392837524,9.721817016601562,-0.0029921534005552535,0.012914836406707764,0.009484589099884033
1727325262.778353,15898.0,100.0,1371.0,25.0,0.0,0.0,0.7835572361946107,-0.25069379806518555,9.684885978698732,-0.012518466450273992,0.03223121166229248,0.04740357771515847
1727325262.8160512,15898.0,100.0,1371.0,25.0,0.0,0.0,0.7083927392959595,-0.28178977966308594,9.64084243774414,-0.018845500424504284,0.03471672534942627,0.06819219142198564
1727325262.8691595,15898.0,100.0,1371.0,25.0,0.0,0.0,0.565314769744873,-0.2993624806404114,9.582473754882812,-0.023983420804142955,0.022667646408081055,0.09404122829437256
1727325262.963195,15895.0,100.0,1612.0,11.0,0.0,0.0,0.42653504014015203,-0.46008479595184326,9.577803611755373,-0.024074317887425426,0.002580881118774414,0.08775145560503007
1727325263.0523365,15895.0,100.0,1612.0,11.0,0.0,0.0,0.47537544369697576,-0.5883404016494751,9.582606315612795,-0.02584606409072876,-0.0004932284937240184,0.04143416881561279
1727325263.144735,15895.0,100.0,1612.0,11.0,0.0,0.0,0.6467524766921997,-0.6800006031990052,9.775527954101562,0.0037729742471128707,-0.01725256629288197,0.002339482307434082
1727325263.2358315,15885.0,100.0,1709.0,0.0,0.0,0.0,0.7854921817779541,-0.6472910046577455,9.802928924560547,0.025856500491499904,0.00168979202862829,-0.02814829722046852
1727325263.2745883,15885.0,100.0,1709.0,0.0,0.0,0.0,0.7801274061203003,-0.6134536862373353,9.798981666564943,0.03363937512040139,-0.004357099998742343,-0.022312995046377182
1727325263.328915,15885.0,100.0,1709.0,0.0,0.0,0.0,0.7673866748809814,-0.516083836555481,9.735820770263672,0.041647255420684814,0.014574828557670118,-0.007551909890025855
1727325263.4135313,15885.0,100.0,1709.0,0.0,0.0,0.0,0.6637801527976991,-0.405251145362854,9.66795063018799,0.04328340291976929,0.016409160569310192,-0.002230703830718994
1727325263.5239682,15889.0,100.0,1765.0,0.0,0.0,0.0,0.5836323499679565,-0.3946156203746796,9.672601699829102,0.03166050836443902,0.0119552044197917,-0.02869516983628273
1727325263.5970337,15889.0,100.0,1765.0,0.0,0.0,0.0,0.5346909761428833,-0.3460284769535065,9.651458740234375,0.025983154773712158,0.009916723705828192,-0.044032931327819824
1727325263.6301076,15889.0,100.0,1765.0,0.0,0.0,0.0,0.5400989055633545,-0.34469372034072876,9.633872985839844,0.023937227204442028,0.0008121132850646973,-0.05415380746126175
1727325263.6996374,15889.0,100.0,1765.0,0.0,0.0,0.0,0.5281876921653749,-0.289500504732132,9.65158462524414,0.01199841406196356,-0.010642407462000847,-0.04201829433441162
1727325263.7739937,15889.0,100.0,1896.0,0.0,0.0,0.0,0.5655912756919862,-0.24924211204051974,9.741809844970703,-0.0004947186098434032,-0.014518202282488348,-0.030085444450378418
1727325263.8640256,15907.0,100.0,1896.0,0.0,0.0,0.0,0.7254741191864014,-0.2832790017127991,9.853921890258789,-0.015752017498016357,-0.01783818006515503,-0.022251905873417858
1727325263.9499555,15907.0,100.0,1896.0,0.0,0.0,0.0,0.8268659710884095,-0.346871703863144,9.801764488220217,-0.029699509963393215,-0.009772183373570442,-0.03371089696884155
1727325264.0447364,15907.0,100.0,1530.0,9.0,0.0,0.0,0.7642632126808168,-0.3789842128753662,9.609176635742188,-0.03020167350769043,-0.0030472874641418457,-0.03035068698227406
1727325264.1343017,15908.0,100.0,1530.0,9.0,0.0,0.0,0.6043382883071899,-0.47617378830909735,9.51031017303467,-0.031083824113011364,-0.005851686000823975,-0.008998812176287176
1727325264.2238343,15908.0,100.0,1530.0,9.0,0.0,0.0,0.5926266312599183,-0.5652429461479188,9.597973823547365,-0.016036629676818848,-0.01014471147209406,-0.010158121585845947
1727325264.3142302,15908.0,100.0,1612.0,9.0,0.0,0.0,0.7078489065170288,-0.5638709664344789,9.74423599243164,3.2782554626464844e-05,-0.012032689526677132,-0.030343240126967434
1727325264.408804,15902.0,100.0,1612.0,9.0,0.0,0.0,0.7930303215980531,-0.5273438692092896,9.840840339660646,0.011228024028241636,-0.01939833164215088,-0.06927548348903656
1727325264.4879608,15902.0,100.0,1612.0,9.0,0.0,0.0,0.77514785528183,-0.4636791050434113,9.803303718566896,0.021079184487462047,-0.013512372970581055,-0.10111332684755327
1727325264.582546,15902.0,100.0,1693.0,9.0,0.0,0.0,0.7932841777801514,-0.4163610339164734,9.677738189697266,0.011713802814483643,-0.005896389018744231,-0.08617191016674042
1727325264.6210244,15902.0,100.0,1693.0,9.0,0.0,0.0,0.804987907409668,-0.35829892754554754,9.60487174987793,0.004816055763512851,0.0036463141441345215,-0.0681653618812561
1727325264.705913,15882.0,100.0,1693.0,9.0,0.0,0.0,0.837355673313141,-0.44475373625755316,9.59773063659668,0.0041112308390438565,0.009180606342852117,-0.03177672624588013
1727325264.7592957,15882.0,100.0,1693.0,9.0,0.0,0.0,0.8471553921699525,-0.4853331446647644,9.66238784790039,0.007566811051219703,0.01452714391052723,0.0001773238182067871
1727325264.797386,15882.0,100.0,1693.0,9.0,0.0,0.0,0.7995944619178773,-0.5177322030067445,9.681573867797852,0.009365379810333252,0.019024314358830455,0.0002518296241760254
1727325264.891916,15882.0,100.0,1781.0,0.0,0.0,0.0,0.71830153465271,-0.5460410118103027,9.744232177734375,0.020408632233738903,0.026945773512125015,-0.013642015866935255
1727325265.0329406,15862.0,100.0,1781.0,0.0,0.0,0.0,0.7833073139190674,-0.4403533339500427,9.669709205627443,0.03890694305300713,0.02386719360947609,-0.04312396422028542
1727325265.1276631,15862.0,100.0,1862.0,0.0,0.0,0.0,0.8442538976669312,-0.30258023738861084,9.612817764282227,0.034216050058603294,0.033886730670928955,-0.04658997431397439
1727325265.2171793,15862.0,100.0,1862.0,0.0,0.0,0.0,0.6726857423782349,-0.17185789346694946,9.567079544067383,0.015573203563690186,0.04067570343613625,-0.016073882579803467
1727325265.3017416,15830.0,100.0,1862.0,0.0,0.0,0.0,0.5238869786262513,-0.17511537671089172,9.669383049011232,-0.017054375261068344,0.029978157952427868,0.03782062977552414
1727325265.39616,15830.0,100.0,1932.0,0.0,0.0,0.0,0.4635544419288635,-0.2631939649581909,9.772075653076172,-0.031912330538034446,0.014306606724858284,0.07106662541627885
1727325265.486243,15830.0,100.0,1932.0,0.0,0.0,0.0,0.5154558420181274,-0.39021912217140203,9.80384159088135,-0.03717840090394021,-0.005289912689477206,0.064869225025177
1727325265.586289,15855.0,100.0,1932.0,0.0,0.0,0.0,0.6860827207565308,-0.4966386556625366,9.74299430847168,-0.024905802682042125,0.004549324978142978,0.05682706832885742
1727325265.6658583,15855.0,100.0,2087.0,0.0,0.0,0.0,0.7672597765922547,-0.5909501314163208,9.70173740386963,-0.012455882504582405,0.004503130912780762,0.05992353335022927
1727325265.705142,15855.0,100.0,2087.0,0.0,0.0,0.0,0.7658647298812866,-0.6056911349296571,9.703088760375977,-0.0035330655518919234,0.009681285358965399,0.05831867456436157
1727325265.7552197,15855.0,100.0,2087.0,0.0,0.0,0.0,0.6896524429321289,-0.5650460720062256,9.687541007995607,0.0029399991035461426,0.01006871648132801,0.04477501288056374
1727325265.7937315,15855.0,100.0,2087.0,0.0,0.0,0.0,0.6503515243530273,-0.5353235006332397,9.708137512207031,0.007778407540172339,0.016866629943251613,0.033162541687488556
1727325265.8844318,15842.0,100.0,2087.0,0.0,0.0,0.0,0.4708786606788635,-0.46497312188148504,9.681250572204592,0.01832544431090355,0.008296966552734375,-0.010330974124372007
1727325265.9741645,15842.0,100.0,2139.0,0.0,0.0,0.0,0.4748896360397339,-0.4054949581623078,9.638129234313967,0.01654923148453236,-0.0005289912805892528,-0.041818611323833466
1727325266.064285,15842.0,100.0,2139.0,0.0,0.0,0.0,0.6211499571800233,-0.3948450982570649,9.732876777648928,0.008010865189135076,-0.010073184035718443,-0.03949105739593506
1727325266.2061646,15842.0,100.0,2170.0,0.0,0.0,0.0,0.6696937680244447,-0.4368827641010285,9.712203025817873,-0.0009074807749129833,0.004915893077850342,0.010880826972424986
1727325266.2956235,15842.0,100.0,2170.0,0.0,0.0,0.0,0.6175506114959717,-0.5218182802200317,9.654395103454592,0.0041484832763671875,-0.0009581448393873871,0.03235340118408203
1727325266.3857913,15842.0,100.0,2170.0,0.0,0.0,0.0,0.6065981388092041,-0.5445830821990967,9.663907051086428,0.017577409744262695,0.009870530106127264,0.016210973262786865
1727325266.4751644,15808.0,100.0,2253.0,0.0,0.0,0.0,0.624925196170807,-0.4891033172607422,9.731351852416992,0.03301054239273071,0.0007167458534240723,-0.024183100089430812
1727325266.5642617,15808.0,100.0,2253.0,0.0,0.0,0.0,0.644514799118042,-0.3770025968551636,9.7759485244751,0.03622770681977273,0.000998377916403115,-0.05517452955245972
1727325266.6528072,15808.0,100.0,2253.0,0.0,0.0,0.0,0.5746550559997559,-0.2690886855125427,9.674070358276367,0.014750660397112371,-0.004145502112805843,-0.06456374377012254
1727325266.762895,15793.0,100.0,2238.0,0.0,0.0,0.0,0.6229724884033203,-0.24360549449920654,9.57522487640381,-0.006642937660217285,-0.0005304813967086376,-0.03237426280975342
1727325266.842103,15793.0,100.0,2238.0,0.0,0.0,0.0,0.6693564653396606,-0.3153554499149323,9.621992111206055,-0.018437208607792858,-0.0005677342414855957,-0.02329051680862904
1727325266.9220977,15793.0,100.0,2238.0,0.0,0.0,0.0,0.6483290195465088,-0.3953157067298889,9.73806667327881,-0.0255048293620348,-0.00425875186920166,-0.019146503880620006
1727325267.01753,15793.0,100.0,2458.0,0.0,0.0,0.0,0.5062901377677919,-0.4561306834220886,9.863191604614258,-0.012950599193572998,-0.00659823464229703,-0.021438300609588623
1727325267.0614777,15777.0,100.0,725.0,80.0,0.0,0.0,0.5040925145149232,-0.44802337884902954,9.926655769348146,-0.005418062210083008,-0.01205206010490656,-0.008092818781733513
1727325267.146266,15777.0,100.0,725.0,80.0,0.0,0.0,0.6411376595497132,-0.41274595260620117,9.874420166015625,0.005187094677239657,-0.01151412818580866,0.03261566162109375
1727325267.2353094,15777.0,100.0,725.0,80.0,0.0,0.0,0.8750019669532777,-0.4448575973510742,9.702554702758789,0.0036388637963682417,0.002117455238476396,0.050486624240875244
1727325267.3762772,15787.0,100.0,742.0,81.0,0.0,0.0,0.7743657827377319,-0.4162609577178955,9.525224685668945,-0.0003352761559654028,0.022992491722106934,-0.01645535416901112
1727325267.4658077,15787.0,100.0,742.0,81.0,0.0,0.0,0.6042629480361938,-0.4056360721588135,9.518412590026857,-0.01109838765114546,0.029665237292647365,-0.02316385880112648
1727325267.5627825,15787.0,100.0,746.0,81.0,0.0,0.0,0.4620162844657898,-0.4624293148517609,9.58683967590332,-0.0059485440142452726,0.01509338803589344,0.0146940378472209
1727325267.6483066,15787.0,100.0,746.0,81.0,0.0,0.0,0.4066238105297089,-0.5217735767364502,9.634384155273438,0.006978213787078857,0.00037103894283063715,0.042654573917388916
1727325267.7387362,15787.0,100.0,746.0,81.0,0.0,0.0,0.5705414414405824,-0.6770109534263612,9.757062911987305,0.02355426549911499,-0.009213388897478582,0.01665204577147961
1727325267.8332093,15787.0,100.0,756.0,79.0,0.0,0.0,0.5865904092788696,-0.5351232290267944,9.892181396484375,0.0438883900642395,-0.0009700656519271434,-0.02895444631576538
1727325267.9333394,15799.0,100.0,756.0,79.0,0.0,0.0,0.5674189329147339,-0.433654248714447,9.818256378173828,0.049810115247964866,-0.02110898122191429,-0.028432903811335567
1727325268.00229,15799.0,100.0,756.0,79.0,0.0,0.0,0.597375750541687,-0.28784245252609253,9.814247131347656,0.04675239324569702,-0.009180606342852117,-0.018355250358581543
1727325268.0973964,15799.0,100.0,766.0,79.0,0.0,0.0,0.6885031461715698,-0.12204847484827043,9.77335834503174,0.02161115594208241,-0.012604892253875732,0.058618191629648216
1727325268.1875782,15799.0,100.0,766.0,79.0,0.0,0.0,0.8100780844688417,-0.1656061559915543,9.694102287292482,-0.011412800289690496,0.00406801700592041,0.11388512700796129
1727325268.2723813,15793.0,100.0,766.0,79.0,0.0,0.0,0.7622178792953491,-0.27886113524436956,9.517463684082031,-0.02043694257736206,0.025111438706517223,0.09242594242095947
1727325268.3083098,15793.0,100.0,766.0,79.0,0.0,0.0,0.6682347655296327,-0.31671541929244995,9.493783950805664,-0.023896995931863785,0.017191475257277492,0.07801356166601182
1727325268.362128,15793.0,100.0,790.0,74.0,0.0,0.0,0.6140581369400024,-0.3938806653022766,9.543984413146974,-0.035360459238290794,0.018103420734405518,0.06467700749635698
1727325268.400988,15793.0,100.0,790.0,74.0,0.0,0.0,0.5885232090950013,-0.4425464570522309,9.618328094482422,-0.03126859664916992,0.030750038102269176,0.06004870310425759
1727325268.455141,15793.0,100.0,790.0,74.0,0.0,0.0,0.5485961437225342,-0.4830945134162903,9.723799705505373,-0.022740662097930908,0.010412931442260742,0.06109625473618508
1727325268.5401134,15784.0,100.0,790.0,74.0,0.0,0.0,0.42933198809623724,-0.45190727710723877,9.776051521301271,-0.0036820764653384686,0.0107914200052619,0.04643350467085839
1727325268.6299474,15784.0,100.0,812.0,76.0,0.0,0.0,0.3936208784580231,-0.35996294021606445,9.667149543762209,-0.0037387020420283083,-0.011177361011505127,0.06424635648727417
1727325268.7195256,15784.0,100.0,812.0,76.0,0.0,0.0,0.4921273291110993,-0.31658020615577703,9.51802158355713,-0.00973492953926325,-0.022758543491363525,0.07987469434738159
1727325268.8140714,15784.0,100.0,812.0,76.0,0.0,0.0,0.6385195255279541,-0.39254385232925415,9.643639564514162,-0.025130804628133774,-0.03570466861128808,0.06452201306819916
1727325268.8934846,15784.0,100.0,831.0,77.0,0.0,0.0,0.7769696712493896,-0.5101702213287354,9.839452743530273,-0.024853646755218506,-0.03232061117887497,0.0024199488107115035
1727325268.9831173,15784.0,100.0,831.0,77.0,0.0,0.0,0.8584462404251099,-0.604577898979187,9.87378787994385,-0.01310557220131159,-0.01382678933441639,-0.03594160452485085
1727325269.021262,15784.0,100.0,831.0,77.0,0.0,0.0,0.8542165160179139,-0.6246702671051025,9.876500129699709,-0.0035032625310122967,-0.003573298687115312,-0.034168358892202384
1727325269.1057909,15768.0,100.0,831.0,77.0,0.0,0.0,0.7203826904296875,-0.5528483390808105,9.792607307434084,0.015589594841003418,0.007544457912445068,-0.01787841506302357
1727325269.1646402,15768.0,100.0,857.0,78.0,0.0,0.0,0.6462100744247437,-0.4891619980335236,9.685315132141115,0.024116044864058498,0.01610219664871693,-0.012038648128509521
1727325269.2872736,15768.0,100.0,857.0,78.0,0.0,0.0,0.6472066044807435,-0.4040136933326721,9.593666076660156,0.019484760239720348,0.00642240047454834,-0.041802231222391135
1727325269.3395166,15768.0,100.0,857.0,78.0,0.0,0.0,0.6920843124389648,-0.4283275604248047,9.578442573547365,0.013671815395355225,-0.0050202016718685636,-0.0573277473449707
1727325269.4355876,15763.0,100.0,871.0,79.0,0.0,0.0,0.74991774559021,-0.45658302307128906,9.511818885803224,0.008806586265563965,0.009147822856903076,-0.09829998761415483
1727325269.5203452,15763.0,100.0,871.0,79.0,0.0,0.0,0.7666995525360107,-0.5160680413246156,9.600684165954592,0.012414157390594482,0.015358627773821356,-0.11860579997301103
1727325269.610618,15763.0,100.0,871.0,79.0,0.0,0.0,0.6776651740074159,-0.47570779919624334,9.698589324951172,0.012281535193324089,0.013908744789659979,-0.12489257752895355
1727325269.7021902,15768.0,100.0,888.0,80.0,0.0,0.0,0.6292929649353027,-0.3920056521892548,9.766585350036623,0.020311769098043442,0.0153347859159112,-0.12559589743614197
1727325269.7919226,15768.0,100.0,888.0,80.0,0.0,0.0,0.5821340084075928,-0.3746223449707031,9.799347877502443,0.008183717727661133,-0.0012636185856536033,-0.13173073530197144
1727325269.8822615,15768.0,100.0,888.0,80.0,0.0,0.0,0.6232029795646669,-0.3639292418956757,9.823345184326172,0.0013336539268493652,-0.008168817497789862,-0.12745559215545654
1727325270.062444,15774.0,100.0,889.0,81.0,0.0,0.0,0.7602856755256654,-0.3247396647930146,9.799462318420412,0.0037804245948791504,0.001671910402365029,-0.041356682777404785
1727325270.1529963,15774.0,100.0,889.0,81.0,0.0,0.0,0.7987687587738037,-0.1991589367389679,9.646885871887209,-0.013543667271733284,0.009015203453600408,-0.007379055023193359
1727325270.2436998,15774.0,100.0,940.0,81.0,0.0,0.0,0.7398693561553955,-0.2804043591022492,9.612085342407227,-0.03127753734588623,0.016351044178009033,-0.003401935333386064
1727325270.281174,15765.0,100.0,940.0,81.0,0.0,0.0,0.6949499845504761,-0.36290740966796875,9.640613555908203,-0.03934204950928689,0.025354329496622086,-0.018249457702040676
1727325270.3343077,15765.0,100.0,940.0,81.0,0.0,0.0,0.6375752687454224,-0.4263461530208588,9.611227035522461,-0.0391453541815281,0.022941824048757553,-0.02162009291350842
1727325270.3699758,15765.0,100.0,940.0,81.0,0.0,0.0,0.6020779609680176,-0.45875069499015814,9.577677726745607,-0.04083514213562012,0.01038163807243109,-0.013668836094439031
1727325270.4244769,15765.0,100.0,940.0,81.0,0.0,0.0,0.6032515168190004,-0.47080972790718084,9.556062698364258,-0.03455429896712304,0.012330711819231512,0.008924305438995361
1727325270.4605296,15765.0,100.0,940.0,81.0,0.0,0.0,0.6055986285209657,-0.4935991168022156,9.506068229675295,-0.024484097957611084,0.010502339340746404,0.021906198933720592
1727325270.5147161,15765.0,100.0,960.0,80.0,0.0,0.0,0.5973593592643739,-0.5893341302871704,9.511364936828615,-0.010387600399553778,0.007133186329156161,0.03757476806640625
1727325270.6011724,15762.0,100.0,960.0,80.0,0.0,0.0,0.535797417163849,-0.5987519621849061,9.648123741149904,0.0099942097440362,-0.00040531158447265625,0.014901162125170233
1727325270.691452,15762.0,100.0,960.0,80.0,0.0,0.0,0.5711839795112611,-0.5137178897857666,9.801874160766602,0.017593801021575928,-0.013197959400713445,-0.025506319478154186
1727325270.7808862,15762.0,100.0,988.0,80.0,0.0,0.0,0.6684910655021669,-0.3868400454521179,9.883708953857422,0.02011060900986195,-0.01446753740310669,0.00483393669128418
1727325270.869686,15767.0,100.0,988.0,80.0,0.0,0.0,0.761314868927002,-0.4462030231952668,9.765490531921388,0.015251338481903076,-0.010468066670000555,0.071756549179554
1727325270.903846,15767.0,100.0,988.0,80.0,0.0,0.0,0.784396767616272,-0.45702624320983887,9.766641616821289,0.018686057999730114,-0.00818371865898371,0.09678453207015991
1727325270.9580529,15767.0,100.0,988.0,80.0,0.0,0.0,0.7966694235801698,-0.5339169502258301,9.802868843078615,0.02551674656569958,-0.0006377696990966797,0.09671152383089067
1727325270.9917848,15767.0,100.0,988.0,80.0,0.0,0.0,0.7912020087242128,-0.5190624594688417,9.802940368652344,0.026179850101470947,0.0024482605513185267,0.09302793443202972
1727325271.0485806,15767.0,100.0,981.0,81.0,0.0,0.0,0.7992362380027772,-0.5028178691864014,9.78267002105713,0.023892523720860485,0.0049114227294921875,0.05331337824463845
1727325271.0872593,15767.0,100.0,981.0,81.0,0.0,0.0,0.7570344805717469,-0.4258122444152832,9.762881278991701,0.022894147783517838,0.011330845765769483,0.0352323055267334
1727325271.2632468,15767.0,100.0,981.0,81.0,0.0,0.0,0.6047148108482362,-0.3043967187404633,9.536120414733888,-0.006748734973371029,0.012877582572400572,0.04849284142255783
1727325271.3533196,15767.0,100.0,1006.0,81.0,0.0,0.0,0.7068405747413636,-0.5205358862876893,9.599750518798828,-0.0067383041605353355,0.007867811247706413,0.07859765738248826
1727325271.494681,15742.0,100.0,1006.0,81.0,0.0,0.0,0.7435224056243896,-0.6324087977409364,9.645195007324219,0.010265410877764227,0.02051145024597645,0.010037422180175781
1727325271.5836987,15742.0,100.0,994.0,83.0,0.0,0.0,0.5821737051010132,-0.4108447134494782,9.646783828735352,0.018665194511413574,0.0142171960324049,-0.02939105220139027
1727325271.6736124,15742.0,100.0,994.0,83.0,0.0,0.0,0.4413394331932068,-0.3733145892620087,9.701861381530763,0.007726252544671298,-0.00010728836059570312,-0.025740267708897594
1727325271.7636566,15747.0,100.0,994.0,83.0,0.0,0.0,0.47066789865493774,-0.3504550755023957,9.770518302917482,0.00894218496978283,-0.021567940711975098,0.016498567536473278
1727325271.8594077,15747.0,100.0,1014.0,83.0,0.0,0.0,0.6231489777565004,-0.3424375951290131,9.778828620910646,-0.0007599592790938915,-0.029926002025604248,0.039733946323394775
1727325271.94469,15747.0,100.0,1014.0,83.0,0.0,0.0,0.7741162776947021,-0.3694122731685639,9.781692504882812,-0.00037103888462297624,-0.03451109305024148,0.047969818115234375
1727325272.0656543,15743.0,100.0,1014.0,83.0,0.0,0.0,0.8621806502342225,-0.31402498483657837,9.754161834716797,-0.005218386184424163,-0.012512504123151304,0.01742839440703392
1727325272.1403952,15743.0,100.0,1049.0,84.0,0.0,0.0,0.8657867312431337,-0.32759952545166016,9.706881523132326,-0.018383564427495006,-0.0028207898139953613,0.01167207770049572
1727325272.2195194,15743.0,100.0,1049.0,84.0,0.0,0.0,0.8499823808670044,-0.36803972721099854,9.6083984375,-0.01986473798751831,0.007940829731523992,0.010554493404924871
1727325272.3013115,15743.0,100.0,1049.0,84.0,0.0,0.0,0.7909405827522279,-0.5273937582969667,9.581570625305178,-0.0249475222080946,0.01618414744734764,-0.012879074551165106
1727325272.33985,15742.0,100.0,1049.0,84.0,0.0,0.0,0.7515840530395508,-0.5219860076904297,9.587265968322756,-0.02578646503388882,0.016097724437713623,-0.03477931022644043
1727325272.3940978,15742.0,100.0,1106.0,79.0,0.0,0.0,0.7121008634567261,-0.5380038619041444,9.56998920440674,-0.015515089966356756,0.010539592243731024,-0.07101595401763916
1727325272.4325128,15742.0,100.0,1106.0,79.0,0.0,0.0,0.6671757698059082,-0.5813056230545044,9.567525863647461,-0.018614530563354492,0.00820607040077448,-0.09216070175170898
1727325272.481307,15742.0,100.0,1106.0,79.0,0.0,0.0,0.682184398174286,-0.567629337310791,9.574208259582521,-0.008012355305254461,0.013200940564274788,-0.1284584552049637
1727325272.5195518,15742.0,100.0,1106.0,79.0,0.0,0.0,0.6838358640670776,-0.5406582951545716,9.617432594299318,-0.008150935173034668,0.01595169492065907,-0.14102311432361606
1727325272.5720751,15742.0,100.0,1106.0,79.0,0.0,0.0,0.7441790103912354,-0.547393023967743,9.67500400543213,-0.0028342008590698242,0.0040546064265072354,-0.14796555042266846
1727325272.6601996,15751.0,100.0,1160.0,60.0,0.0,0.0,0.8251112699508667,-0.47984603047370916,9.77981472015381,0.010068714618682861,0.013971329666674139,-0.10944011062383653
1727325272.7492955,15751.0,100.0,1160.0,60.0,0.0,0.0,0.879461407661438,-0.4610242247581482,9.806460380554201,0.008326767943799497,0.03096162900328636,-0.0696927160024643
1727325272.8387477,15751.0,100.0,1160.0,60.0,0.0,0.0,0.8396204710006714,-0.42056712508201605,9.764992713928224,0.0006705523119308056,0.04479438066482544,-0.07604360580444336
1727325272.9333436,15754.0,100.0,1145.0,72.0,0.0,0.0,0.7436488270759584,-0.5232405662536621,9.676438331604006,-0.014740228652954102,0.05269498005509377,-0.12049378454685211
1727325272.9715142,15754.0,100.0,1145.0,72.0,0.0,0.0,0.700111985206604,-0.5880625844001771,9.694190979003906,-0.012093782424926758,0.05278438702225686,-0.14165043830871582
1727325273.022054,15754.0,100.0,1145.0,72.0,0.0,0.0,0.6131145358085633,-0.670307993888855,9.69469738006592,0.000616908131632954,0.047400593757629395,-0.16109497845172885
1727325273.057151,15754.0,100.0,1145.0,72.0,0.0,0.0,0.5788782238960267,-0.6918307542800903,9.666563987731935,0.008438526652753355,0.04526972770690918,-0.15571565926074984
1727325273.1057649,15754.0,100.0,1145.0,72.0,0.0,0.0,0.5175307393074037,-0.6673393249511719,9.625227928161623,0.01743137836456299,0.03859996795654297,-0.15032441914081576
1727325273.1974204,15754.0,100.0,1192.0,70.0,0.0,0.0,0.5342629551887513,-0.5132182240486146,9.644280433654787,0.03587454929947854,0.03228634595870972,-0.12554080784320834
1727325273.234851,15774.0,100.0,1192.0,70.0,0.0,0.0,0.5698060393333436,-0.3984490334987641,9.64150905609131,0.03571808710694314,0.024680795148015026,-0.10409951210021973
1727325273.2881112,15774.0,100.0,1192.0,70.0,0.0,0.0,0.5837181210517884,-0.28646785020828247,9.64699935913086,0.029377643018960953,0.018312042579054836,-0.07268042117357255
1727325273.320338,15774.0,100.0,1192.0,70.0,0.0,0.0,0.5797230601310731,-0.24059496819972995,9.651151657104492,0.026667121797800064,0.015209618024528028,-0.048998009413480766
1727325273.3735151,15774.0,100.0,1192.0,70.0,0.0,0.0,0.5758329033851625,-0.2070399522781372,9.684989929199219,0.015671549364924434,0.02678930573165417,0.004982947371900082
1727325273.4106746,15774.0,100.0,1192.0,70.0,0.0,0.0,0.572131872177124,-0.2640448808670044,9.741589546203615,0.002555549377575517,0.017389655113220215,0.028435885906219482
1727325273.468225,15774.0,100.0,1221.0,72.0,0.0,0.0,0.5844884514808656,-0.3965629637241364,9.791194915771484,-0.006526707671582699,0.016795100644230846,0.06700754910707475
1727325273.556925,15766.0,100.0,1221.0,72.0,0.0,0.0,0.5459797382354736,-0.45993393659591675,9.738732337951662,-0.002175569767132402,0.011414287611842155,0.08388458937406541
1727325273.6442475,15766.0,100.0,1221.0,72.0,0.0,0.0,0.4775559604167939,-0.40989491343498236,9.656999588012695,-0.0056490302085876465,0.008228421211242676,0.07025302201509477
1727325273.7388844,15766.0,100.0,1225.0,78.0,0.0,0.0,0.4816870093345642,-0.3653862476348877,9.62868881225586,-0.011244414374232292,-0.005513429176062346,0.09520202130079271
1727325273.8279784,15761.0,100.0,1225.0,78.0,0.0,0.0,0.5609021186828613,-0.5342776775360107,9.716868400573732,-0.008521975949406624,-0.007559360470622779,0.10287018120288849
1727325273.8663168,15761.0,100.0,1225.0,78.0,0.0,0.0,0.6058777570724487,-0.5855517387390137,9.747499465942383,-0.006987155415117741,-0.00499039888381958,0.08546412736177446
1727325273.915147,15761.0,100.0,1225.0,78.0,0.0,0.0,0.6058025360107422,-0.6462246179580688,9.763594627380373,0.002276897430419922,-0.0007003545761108398,0.07408262044191362
1727325273.9535544,15761.0,100.0,1225.0,78.0,0.0,0.0,0.6238530278205873,-0.6650710105895996,9.802569389343263,0.012515485286712646,-0.008982419967651367,0.05293786898255349
1727325274.0126042,15761.0,100.0,1229.0,80.0,0.0,0.0,0.6347416043281556,-0.6081200242042543,9.793157577514648,0.030055642127990723,-0.005537271965295077,0.026546422392129898
1727325274.1342764,15757.0,100.0,1229.0,80.0,0.0,0.0,0.5600147247314453,-0.44602155685424805,9.777806282043459,0.033637885004282005,0.0018984080525115135,0.033830106258392334
1727325274.220447,15757.0,100.0,1229.0,80.0,0.0,0.0,0.5311151742935181,-0.3649044632911682,9.697180747985842,0.032833214849233634,-0.004383920691907406,0.05545765534043313
1727325274.3104808,15757.0,100.0,1248.0,78.0,0.0,0.0,0.5306940078735352,-0.30959668755531317,9.621693611145021,0.02070069126784802,-0.0025585289113223553,0.08196233958005907
1727325274.4514904,15756.0,100.0,1248.0,78.0,0.0,0.0,0.6002114415168763,-0.2355162501335144,9.633448600769045,0.0029221181757748127,-0.002959371311590076,0.08292049169540405
1727325274.5412076,15756.0,100.0,1248.0,80.0,0.0,0.0,0.6087222695350648,-0.32775804400444036,9.69395160675049,-0.020729007199406627,-0.008115172386169434,0.06812662631273271
1727325274.6302934,15756.0,100.0,1248.0,80.0,0.0,0.0,0.622380256652832,-0.46276915073394775,9.7408447265625,-0.015975536778569225,-0.005239248275756836,0.03260970115661621
1727325274.720281,15788.0,100.0,1248.0,80.0,0.0,0.0,0.6087864041328431,-0.5328820347785951,9.755669593811037,-0.00897199008613825,-0.005240738391876221,0.00016242265701293945
1727325274.809533,15788.0,100.0,1288.0,80.0,0.0,0.0,0.597632884979248,-0.46920132637023926,9.705936431884766,0.004327297210693359,-0.0035464765969663863,-0.013829768635332586
1727325274.8983223,15788.0,100.0,1288.0,80.0,0.0,0.0,0.5796301364898682,-0.3948766589164734,9.633316040039062,0.00016689300537109375,-0.007115304935723544,-0.012381374835968018
1727325274.9984517,15786.0,100.0,1288.0,80.0,0.0,0.0,0.580947756767273,-0.44880247116088867,9.634561538696289,0.005455316044390202,-0.007370115723460914,-0.005723536014556885
1727325275.0782619,15786.0,100.0,1311.0,75.0,0.0,0.0,0.601560413837433,-0.5608248710632324,9.676039695739748,0.01571476459503174,-0.018276276066899303,-0.029397014528512955
1727325275.2523806,15786.0,100.0,1311.0,75.0,0.0,0.0,0.625399112701416,-0.3527627885341645,9.73426914215088,0.02657473087310791,-0.017483534291386608,-0.04852563142776489
1727325275.3430579,15781.0,100.0,1352.0,73.0,0.0,0.0,0.6527920961380005,-0.22604055702686313,9.7396936416626,0.012291969731450081,-0.014072657562792303,-0.009040534496307373
1727325275.3813586,15781.0,100.0,1352.0,73.0,0.0,0.0,0.659762978553772,-0.17889174818992615,9.745110511779787,0.006227195728570224,-0.01910179853439331,0.016294421628117565
1727325275.4346926,15781.0,100.0,1352.0,73.0,0.0,0.0,0.6596184372901918,-0.170984223484993,9.720834732055664,-0.011748075485229492,-0.020757321268320084,0.05602241680026055
1727325275.5216568,15781.0,100.0,1352.0,73.0,0.0,0.0,0.7206746935844422,-0.20106467604637146,9.71492671966553,-0.036631517112255096,-0.015082956291735174,0.09860247373580933
1727325275.6171534,15766.0,100.0,1375.0,59.0,0.0,0.0,0.8765072822570801,-0.3953983187675476,9.685052871704102,-0.03375411033630371,-0.013607743196189405,0.0890493392944336
1727325275.7018766,15766.0,100.0,1375.0,59.0,0.0,0.0,0.8147605657577515,-0.6046174168586732,9.670307159423828,-0.02992898784577847,-0.006030500866472721,0.036814812570810325
1727325275.786994,15766.0,100.0,1375.0,59.0,0.0,0.0,0.7680803537368774,-0.686634123325348,9.634092330932617,-0.012199581600725653,0.0032782559283077717,-0.013026596046984197
1727325275.8822203,15755.0,100.0,1408.0,48.0,0.0,0.0,0.7204402089118959,-0.5930394530296327,9.60223388671875,0.015673043206334118,0.004971027374267578,-0.04754662886261941
1727325275.9210727,15755.0,100.0,1408.0,48.0,0.0,0.0,0.7367148399353027,-0.35131838917732244,9.7334680557251,0.02223104424774647,0.005826354026794434,-0.0543549694120884
1727325275.974912,15755.0,100.0,1408.0,48.0,0.0,0.0,0.6105569005012513,-0.39456662535667425,9.591248512268068,0.01803785748779774,0.0021025540772825484,-0.03567636013031006
1727325276.0089629,15755.0,100.0,1408.0,48.0,0.0,0.0,0.585131347179413,-0.36218193173408514,9.640093803405763,0.0201985202729702,-0.002741813892498613,-0.01745671033859253
1727325276.0638814,15755.0,100.0,1408.0,48.0,0.0,0.0,0.623634159564972,-0.3057378232479096,9.679036140441896,0.0067844996228814125,-0.008091332390904427,0.010852518491446974
1727325276.1915286,15757.0,100.0,1236.0,66.0,0.0,0.0,0.7533381581306459,-0.43157321214675903,9.792564392089844,-0.004182756412774325,-0.008119642734527588,0.03413409367203713
1727325276.276543,15757.0,100.0,1236.0,66.0,0.0,0.0,0.8619914054870605,-0.49360468983650213,9.802453041076662,0.007487833499908447,0.0003874302201438696,0.030168894678354263
1727325276.366121,15757.0,100.0,1236.0,66.0,0.0,0.0,0.8193777799606323,-0.49208950996398926,9.727193832397461,0.011222063563764097,-0.00014603137969970703,0.013664365746080877
1727325276.506662,15762.0,100.0,1429.0,23.0,0.0,0.0,0.7639656066894531,-0.42151939868927,9.59142589569092,0.018064677715301514,0.01555085461586714,-0.009714066982269287
1727325276.596546,15762.0,100.0,1429.0,23.0,0.0,0.0,0.6740188002586366,-0.3418912589550019,9.55175304412842,0.0172346830368042,0.020208956673741344,-0.003962218761444092
1727325276.6866899,15762.0,100.0,1450.0,23.0,0.0,0.0,0.6191202402114868,-0.3138130605220795,9.642616271972656,0.0038653619121760134,0.007912516593933105,-0.0010415912838652732
1727325276.7715757,15762.0,100.0,1450.0,23.0,0.0,0.0,0.6220324039459229,-0.3814903497695923,9.68296527862549,-0.0038951640017330647,0.0020757319871336226,0.017793476581573486
1727325276.8611836,15762.0,100.0,1450.0,23.0,0.0,0.0,0.7411941885948182,-0.41948366165161133,9.81696891784668,-0.0034540891647338867,0.0018432737560942771,0.02078115940093994
1727325276.9562047,15762.0,100.0,1196.0,39.0,0.0,0.0,0.774977445602417,-0.472079873085022,9.805838584899904,-0.000521540699992329,0.00556260347366333,0.017575921490788463
1727325277.0592124,15760.0,100.0,1196.0,39.0,0.0,0.0,0.7689719796180726,-0.4516971409320832,9.738447189331055,0.0007346272468566895,0.016163291409611705,0.009945035912096502
1727325277.1289568,15760.0,100.0,1196.0,39.0,0.0,0.0,0.7536333203315736,-0.49479165673255926,9.683140754699709,0.0035017735790461306,0.014689566567540169,-0.001625717035494745
1727325277.2244225,15760.0,100.0,1210.0,53.0,0.0,0.0,0.7082753777503968,-0.5648252367973329,9.642882347106935,0.013794005848467352,0.02351254038512707,-0.021031495183706284
1727325277.3086724,15760.0,100.0,1210.0,53.0,0.0,0.0,0.644418776035309,-0.5336945652961732,9.648808479309084,0.02122670598328114,0.025226175785064697,-0.029578808695077896
1727325277.3988063,15751.0,100.0,1210.0,53.0,0.0,0.0,0.5901158452033998,-0.49192506074905396,9.635780334472656,0.018404422327876094,0.0160217247903347,-0.03756134957075119
1727325277.4381435,15751.0,100.0,1210.0,53.0,0.0,0.0,0.5671617388725282,-0.4271656274795532,9.645511627197266,0.012744965963065626,0.01675337553024292,-0.03754645586013794
1727325277.493252,15751.0,100.0,1398.0,35.0,0.0,0.0,0.5617693066596986,-0.4690219759941101,9.653575897216797,0.008916854858398438,0.015270709060132505,-0.05118250846862793
1727325277.5319166,15751.0,100.0,1398.0,35.0,0.0,0.0,0.5820865035057069,-0.5135962963104248,9.647933006286623,0.008657574653625488,0.011000038124620916,-0.0483974814414978
1727325277.6700165,15738.0,100.0,1398.0,35.0,0.0,0.0,0.623079001903534,-0.5379558801651001,9.667820930480959,0.004400313366204501,0.004984438419342041,-0.07323771715164185
1727325277.7634542,15738.0,100.0,1534.0,22.0,0.0,0.0,0.6425616145133973,-0.4528787136077881,9.711022377014162,0.008758903481066229,0.0026687982026487593,-0.08860975503921509
1727325277.8532338,15738.0,100.0,1534.0,22.0,0.0,0.0,0.6889028549194336,-0.4488184452056885,9.747137069702148,0.011910497210919859,0.014887748286128044,-0.1039952114224434
1727325277.9379838,15737.0,100.0,1534.0,22.0,0.0,0.0,0.6634842157363892,-0.4245126247406006,9.797307014465334,0.011721251532435417,0.009404121898114683,-0.10568200051784515
1727325277.976206,15737.0,100.0,1534.0,22.0,0.0,0.0,0.7030884027481079,-0.4069814085960388,9.815942764282227,0.013625622726976873,0.009544193744659424,-0.11103601008653642
1727325278.0300899,15737.0,100.0,1613.0,37.0,0.0,0.0,0.7004208564758301,-0.40436452627182007,9.82270908355713,0.008147954940795898,0.00980049464851618,-0.10318458080291748
